Sıra,Kitap,Ünite,Kelime
1,1,1,afraid
2,1,1,agree
3,1,1,angry
4,1,1,arrive
5,1,1,attack
6,1,1,bottom
7,1,1,clever
8,1,1,cruel
9,1,1,finally.
10,1,1,hide
11,1,1,hunt
12,1,1,lot
13,1,1,middle
14,1,1,moment
15,1,1,pleased
16,1,1,promise
17,1,1,reply
18,1,1,safe
19,1,1,trick
20,1,1,well
21,1,2,adventure
22,1,2,approach
23,1,2,carefully
24,1,2,chemical
25,1,2,create
26,1,2,evil
27,1,2,experiment
28,1,2,kill
29,1,2,laboratory
30,1,2,laugh
31,1,2,loud
32,1,2,nervous
33,1,2,noise
34,1,2,project
35,1,2,scare
36,1,2,secret
37,1,2,shout
38,1,2,smell
39,1,2,terrible
40,1,2,worse
41,1,3,alien
42,1,3,among
43,1,3,chart
44,1,3,cloud
45,1,3,comprehend
46,1,3,describe
47,1,3,ever
48,1,3,fail
49,1,3,friendly
50,1,3,grade
51,1,3,instead
52,1,3,library
53,1,3,planet
54,1,3,report
55,1,3,several
56,1,3,solve
57,1,3,suddenly
58,1,3,suppose
59,1,3,universe
60,1,3,view
61,1,4,appropriate
62,1,4,avoid
63,1,4,behave
64,1,4,calm
65,1,4,concern
66,1,4,content
67,1,4,expect
68,1,4,frequently
69,1,4,habit
70,1,4,instruct
71,1,4,issue
72,1,4,none
73,1,4,patient
74,1,4,positive
75,1,4,punish
76,1,4,represent
77,1,4,shake
78,1,4,spread
79,1,4,stroll
80,1,4,village
81,1,5,aware
82,1,5,badly
83,1,5,belong
84,1,5,continue
85,1,5,error
86,1,5,experience
87,1,5,field
88,1,5,hurt
89,1,5,judgment
90,1,5,likely
91,1,5,normal
92,1,5,rare
93,1,5,relax
94,1,5,request
95,1,5,reside
96,1,5,result
97,1,5,roll
98,1,5,since
99,1,5,visible
100,1,5,wild
101,1,6,advantage
102,1,6,cause
103,1,6,choice
104,1,6,community
105,1,6,dead
106,1,6,distance
107,1,6,escape
108,1,6,face
109,1,6,follow
110,1,6,fright
111,1,6,ghost
112,1,6,individual
113,1,6,pet
114,1,6,reach
115,1,6,return
116,1,6,survive
117,1,6,upset
118,1,6,voice
119,1,6,weather
120,1,6,wise
121,1,7,allow
122,1,7,announce
123,1,7,beside
124,1,7,challenge
125,1,7,claim
126,1,7,condition
127,1,7,contribute
128,1,7,difference
129,1,7,divide
130,1,7,expert
131,1,7,famous
132,1,7,force
133,1,7,harm
134,1,7,lay
135,1,7,peace
136,1,7,prince
137,1,7,protect
138,1,7,sense
139,1,7,sudden
140,1,7,therefore
141,1,8,accept
142,1,8,arrange
143,1,8,attend
144,1,8,balance
145,1,8,contrast
146,1,8,encourage
147,1,8,familiar
148,1,8,grab
149,1,8,hang
150,1,8,huge
151,1,8,necessary
152,1,8,pattern
153,1,8,propose
154,1,8,purpose
155,1,8,release
156,1,8,require
157,1,8,single
158,1,8,success
159,1,8,tear
160,1,8,theory
161,1,9,against
162,1,9,beach
163,1,9,damage
164,1,9,discover
165,1,9,emotion
166,1,9,fix
167,1,9,frank
168,1,9,identify
169,1,9,island
170,1,9,ocean
171,1,9,perhaps
172,1,9,pleasant
173,1,9,prevent
174,1,9,rock
175,1,9,save
176,1,9,step
177,1,9,still
178,1,9,taste
179,1,9,throw
180,1,9,wave
181,1,10,benefit
182,1,10,certain
183,1,10,chance
184,1,10,effect
185,1,10,essential
186,1,10,far
187,1,10,focus
188,1,10,function
189,1,10,grass
190,1,10,guard
191,1,10,image
192,1,10,immediate
193,1,10,primary
194,1,10,proud
195,1,10,remain
196,1,10,rest
197,1,10,separate
198,1,10,site
199,1,10,tail
200,1,10,trouble
201,1,11,anymore
202,1,11,asleep
203,1,11,berry
204,1,11,collect
205,1,11,compete
206,1,11,conversation
207,1,11,creature
208,1,11,decision
209,1,11,either
210,1,11,forest
211,1,11,ground
212,1,11,introduce
213,1,11,marry
214,1,11,prepare
215,1,11,sail
216,1,11,serious
217,1,11,spend
218,1,11,strange
219,1,11,truth
220,1,11,wake
221,1,12,alone
222,1,12,apartment
223,1,12,article
224,1,12,artist
225,1,12,attitude
226,1,12,compare
227,1,12,judge
228,1,12,magazine
229,1,12,material
230,1,12,meal
231,1,12,method
232,1,12,neighbor
233,1,12,professional
234,1,12,profit
235,1,12,quality
236,1,12,shape
237,1,12,space
238,1,12,stair
239,1,12,symbol
240,1,12,thin
241,1,13,blood
242,1,13,burn
243,1,13,cell
244,1,13,contain
245,1,13,correct
246,1,13,crop
247,1,13,demand
248,1,13,equal
249,1,13,feed
250,1,13,hole
251,1,13,increase
252,1,13,lord
253,1,13,owe
254,1,13,position
255,1,13,raise
256,1,13,responsible
257,1,13,sight
258,1,13,spot
259,1,13,structure
260,1,13,whole
261,1,14,coach
262,1,14,control
263,1,14,description
264,1,14,direct
265,1,14,exam
266,1,14,example
267,1,14,limit
268,1,14,local
269,1,14,magical
270,1,14,mail
271,1,14,novel
272,1,14,outline
273,1,14,poet
274,1,14,print
275,1,14,scene
276,1,14,sheet
277,1,14,silly
278,1,14,store
279,1,14,suffer
280,1,14,technology
281,1,15,across
282,1,15,breathe
283,1,15,characteristic
284,1,15,consume
285,1,15,excite
286,1,15,extreme
287,1,15,fear
288,1,15,fortunate
289,1,15,happen
290,1,15,length
291,1,15,mistake
292,1,15,observe
293,1,15,opportunity
294,1,15,prize
295,1,15,race
296,1,15,realize
297,1,15,respond
298,1,15,risk
299,1,15,wonder
300,1,15,yet
301,1,16,academy
302,1,16,ancient
303,1,16,board
304,1,16,century
305,1,16,clue
306,1,16,concert
307,1,16,county
308,1,16,dictionary
309,1,16,exist
310,1,16,flat
311,1,16,gentleman
312,1,16,hidden
313,1,16,maybe
314,1,16,officer
315,1,16,original
316,1,16,pound
317,1,16,process
318,1,16,publish
319,1,16,theater
320,1,16,wealth
321,1,17,appreciate
322,1,17,available
323,1,17,beat
324,1,17,bright
325,1,17,celebrate
326,1,17,determine
327,1,17,disappear
328,1,17,else
329,1,17,fair
330,1,17,flow
331,1,17,forward
332,1,17,hill
333,1,17,level
334,1,17,lone
335,1,17,puddle
336,1,17,response
337,1,17,season
338,1,17,solution
339,1,17,waste
340,1,17,whether
341,1,18,argue
342,1,18,communicate
343,1,18,crowd
344,1,18,depend
345,1,18,dish
346,1,18,empty
347,1,18,exact
348,1,18,fresh
349,1,18,gather
350,1,18,indicate
351,1,18,item
352,1,18,offer
353,1,18,price
354,1,18,product
355,1,18,property
356,1,18,purchase
357,1,18,recommend
358,1,18,select
359,1,18,tool
360,1,18,treat
361,1,19,alive
362,1,19,bone
363,1,19,bother
364,1,19,captain
365,1,19,conclusion
366,1,19,doubt
367,1,19,explore
368,1,19,foreign
369,1,19,glad
370,1,19,however
371,1,19,injustice
372,1,19,international
373,1,19,lawyer
374,1,19,mention
375,1,19,policy
376,1,19,social
377,1,19,speech
378,1,19,staff
379,1,19,toward
380,1,19,wood
381,1,20,achieve
382,1,20,advise
383,1,20,already
384,1,20,basic
385,1,20,bit
386,1,20,consider
387,1,20,destroy
388,1,20,entertain
389,1,20,extra
390,1,20,goal
391,1,20,lie
392,1,20,meat
393,1,20,opinion
394,1,20,real
395,1,20,reflect
396,1,20,regard
397,1,20,serve
398,1,20,vegetable
399,1,20,war
400,1,20,worth
401,1,21,appear
402,1,21,base
403,1,21,brain
404,1,21,career
405,1,21,clerk
406,1,21,effort
407,1,21,enter
408,1,21,excellent
409,1,21,hero
410,1,21,hurry
411,1,21,inform
412,1,21,later
413,1,21,leave
414,1,21,locate
415,1,21,nurse
416,1,21,operation
417,1,21,pain
418,1,21,refuse
419,1,21,though
420,1,21,various
421,1,22,actual
422,1,22,amaze
423,1,22,charge
424,1,22,comfort
425,1,22,contact
426,1,22,customer
427,1,22,deliver
428,1,22,earn
429,1,22,gate
430,1,22,include
431,1,22,manage
432,1,22,mystery
433,1,22,occur
434,1,22,opposite
435,1,22,plate
436,1,22,receive
437,1,22,reward
438,1,22,set
439,1,22,steal
440,1,22,thief
441,1,23,advance
442,1,23,athlete
443,1,23,average
444,1,23,behavior
445,1,23,behind
446,1,23,course
447,1,23,lower
448,1,23,match
449,1,23,member
450,1,23,mental
451,1,23,passenger
452,1,23,personality
453,1,23,poem
454,1,23,pole
455,1,23,remove
456,1,23,safety
457,1,23,shoot
458,1,23,sound
459,1,23,swim
460,1,23,web
461,1,24,block
462,1,24,cheer
463,1,24,complex
464,1,24,critic
465,1,24,event
466,1,24,exercise
467,1,24,fit
468,1,24,friendship
469,1,24,guide
470,1,24,lack
471,1,24,passage
472,1,24,perform
473,1,24,pressure
474,1,24,probable
475,1,24,public
476,1,24,strike
477,1,24,support
478,1,24,task
479,1,24,term
480,1,24,unite
481,1,25,associate
482,1,25,environment
483,1,25,factory
484,1,25,feature
485,1,25,instance
486,1,25,involve
487,1,25,medicine
488,1,25,mix
489,1,25,organize
490,1,25,period
491,1,25,populate
492,1,25,produce
493,1,25,range
494,1,25,recognize
495,1,25,regular
496,1,25,sign
497,1,25,tip
498,1,25,tradition
499,1,25,trash
500,1,25,wide
501,1,26,advice
502,1,26,along
503,1,26,attention
504,1,26,attract
505,1,26,climb
506,1,26,drop
507,1,26,final
508,1,26,further
509,1,26,imply
510,1,26,maintain
511,1,26,neither
512,1,26,otherwise
513,1,26,physical
514,1,26,prove
515,1,26,react
516,1,26,ride
517,1,26,situated
518,1,26,society
519,1,26,standard
520,1,26,suggest
521,1,27,actually
522,1,27,bite
523,1,27,coast
524,1,27,deal
525,1,27,desert
526,1,27,earthquake
527,1,27,effective
528,1,27,examine
529,1,27,false
530,1,27,gift
531,1,27,hunger
532,1,27,imagine
533,1,27,journey
534,1,27,puzzle
535,1,27,quite
536,1,27,rather
537,1,27,specific
538,1,27,tour
539,1,27,trip
540,1,27,value
541,1,28,band
542,1,28,barely
543,1,28,boring
544,1,28,cancel
545,1,28,driveway
546,1,28,garbage
547,1,28,instrument
548,1,28,list
549,1,28,magic
550,1,28,message
551,1,28,notice
552,1,28,own
553,1,28,predict
554,1,28,professor
555,1,28,rush
556,1,28,schedule
557,1,28,share
558,1,28,stage
559,1,28,storm
560,1,28,within
561,1,29,advertise
562,1,29,assign
563,1,29,audience
564,1,29,breakfast
565,1,29,competition
566,1,29,cool
567,1,29,gain
568,1,29,importance
569,1,29,knowledge
570,1,29,major
571,1,29,mean
572,1,29,prefer
573,1,29,president
574,1,29,progress
575,1,29,respect
576,1,29,rich
577,1,29,skill
578,1,29,somehow
579,1,29,strength
580,1,29,vote
581,1,30,above
582,1,30,ahead
583,1,30,amount
584,1,30,belief
585,1,30,center
586,1,30,common
587,1,30,cost
588,1,30,demonstrate
589,1,30,different
590,1,30,evidence
591,1,30,honesty
592,1,30,idiom
593,1,30,independent
594,1,30,inside
595,1,30,master
596,1,30,memory
597,1,30,proper
598,1,30,scan
599,1,30,section
600,1,30,surface
601,2,1,anxious
602,2,1,awful
603,2,1,consist
604,2,1,desire
605,2,1,eager
606,2,1,household
607,2,1,intent
608,2,1,landscape
609,2,1,lift
610,2,1,load
611,2,1,lung
612,2,1,motion
613,2,1,pace
614,2,1,polite
615,2,1,possess
616,2,1,rapidly
617,2,1,remark
618,2,1,seek
619,2,1,shine
620,2,1,spill
621,2,2,bring
622,2,2,castle
623,2,2,command
624,2,2,counsel
625,2,2,ensure
626,2,2,explosion
627,2,2,jewelry
628,2,2,land
629,2,2,meteor
630,2,2,monster
631,2,2,northern
632,2,2,remote
633,2,2,southern
634,2,2,statue
635,2,2,steam
636,2,2,submit
637,2,2,temple
638,2,2,upper
639,2,2,weed
640,2,2,wing
641,2,3,arrow
642,2,3,battle
643,2,3,bow
644,2,3,brave
645,2,3,chief
646,2,3,disadvantage
647,2,3,enemy
648,2,3,entrance
649,2,3,hardly
650,2,3,intend
651,2,3,laughter
652,2,3,log
653,2,3,military
654,2,3,obey
655,2,3,secure
656,2,3,steady
657,2,3,trust
658,2,3,twist
659,2,3,unless
660,2,3,weapon
661,2,4,chest
662,2,4,confidence
663,2,4,consequence
664,2,4,disaster
665,2,4,disturb
666,2,4,estimate
667,2,4,honor
668,2,4,impress
669,2,4,marathon
670,2,4,victim
671,2,4,narrow
672,2,4,pale
673,2,4,rough
674,2,4,satisfy
675,2,4,scream
676,2,4,sensitive
677,2,4,shade
678,2,4,supplement
679,2,4,terror
680,2,4,threat
681,2,5,ancestor
682,2,5,angle
683,2,5,boot
684,2,5,border
685,2,5,congratulate
686,2,5,frame
687,2,5,heaven
688,2,5,incredible
689,2,5,legend
690,2,5,praise
691,2,5,proceed
692,2,5,pure
693,2,5,relative
694,2,5,senior
695,2,5,silent
696,2,5,sink
697,2,5,superior
698,2,5,surround
699,2,5,thick
700,2,5,wrap
701,2,6,abroad
702,2,6,anger
703,2,6,bride
704,2,6,brief
705,2,6,chase
706,2,6,disappoint
707,2,6,dive
708,2,6,exchange
709,2,6,favor
710,2,6,fee
711,2,6,guy
712,2,6,lovely
713,2,6,mood
714,2,6,palace
715,2,6,permit
716,2,6,protest
717,2,6,sculpture
718,2,6,tribe
719,2,6,youth
720,2,6,forever
721,2,7,basis
722,2,7,biology
723,2,7,cage
724,2,7,colleague
725,2,7,colony
726,2,7,debate
727,2,7,depart
728,2,7,depress
729,2,7,factual
730,2,7,fascinate
731,2,7,nevertheless
732,2,7,occupation
733,2,7,overseas
734,2,7,persuade
735,2,7,route
736,2,7,ruins
737,2,7,scholar
738,2,7,significant
739,2,7,volcano
740,2,7,mission
741,2,8,broad
742,2,8,bush
743,2,8,capable
744,2,8,cheat
745,2,8,concentrate
746,2,8,conclude
747,2,8,confident
748,2,8,considerable
749,2,8,convey
750,2,8,valley
751,2,8,definite
752,2,8,delight
753,2,8,destination
754,2,8,dictate
755,2,8,edge
756,2,8,path
757,2,8,resort
758,2,8,shadow
759,2,8,succeed
760,2,8,suspect
761,2,9,admire
762,2,9,aid
763,2,9,attempt
764,2,9,authority
765,2,9,capital
766,2,9,cooperate
767,2,9,defend
768,2,9,destruction
769,2,9,disorder
770,2,9,stupid
771,2,9,division
772,2,9,enable
773,2,9,frustrate
774,2,9,govern
775,2,9,plenty
776,2,9,relieve
777,2,9,reputation
778,2,9,royal
779,2,9,slave
780,2,9,struggle
781,2,10,citizen
782,2,10,council
783,2,10,declare
784,2,10,enormous
785,2,10,extraordinary
786,2,10,fog
787,2,10,funeral
788,2,10,giant
789,2,10,impression
790,2,10,violent
791,2,10,income
792,2,10,mad
793,2,10,ought
794,2,10,resist
795,2,10,reveal
796,2,10,rid
797,2,10,sword
798,2,10,tale
799,2,10,trap
800,2,10,trial
801,2,11,admission
802,2,11,astronomy
803,2,11,blame
804,2,11,chemistry
805,2,11,despite
806,2,11,dinosaur
807,2,11,exhibit
808,2,11,fame
809,2,11,forecast
810,2,11,wet
811,2,11,genius
812,2,11,gentle
813,2,11,geography
814,2,11,interfere
815,2,11,lightly
816,2,11,principal
817,2,11,row
818,2,11,shelf
819,2,11,spite
820,2,11,super
821,2,12,abuse
822,2,12,afford
823,2,12,bake
824,2,12,bean
825,2,12,candle
826,2,12,convert
827,2,12,debt
828,2,12,decrease
829,2,12,fault
830,2,12,fund
831,2,12,ingredient
832,2,12,insist
833,2,12,mess
834,2,12,metal
835,2,12,monitor
836,2,12,oppose
837,2,12,passive
838,2,12,quantity
839,2,12,sue
840,2,12,generous
841,2,13,anxiety
842,2,13,army
843,2,13,billion
844,2,13,carve
845,2,13,consult
846,2,13,emergency
847,2,13,fortune
848,2,13,guarantee
849,2,13,hike
850,2,13,initial
851,2,13,intense
852,2,13,lend
853,2,13,peak
854,2,13,potential
855,2,13,pride
856,2,13,proof
857,2,13,quit
858,2,13,spin
859,2,13,tiny
860,2,13,tutor
861,2,14,apparent
862,2,14,blind
863,2,14,calculate
864,2,14,chat
865,2,14,commit
866,2,14,compose
867,2,14,dormitory
868,2,14,exhaust
869,2,14,greenhouse
870,2,14,vision
871,2,14,ignore
872,2,14,obvious
873,2,14,physics
874,2,14,portion
875,2,14,remind
876,2,14,secretary
877,2,14,severe
878,2,14,talent
879,2,14,thesis
880,2,14,uniform
881,2,15,absorb
882,2,15,boss
883,2,15,committee
884,2,15,contract
885,2,15,crew
886,2,15,devote
887,2,15,dig
888,2,15,dine
889,2,15,donate
890,2,15,double
891,2,15,flavor
892,2,15,foundation
893,2,15,generation
894,2,15,handle
895,2,15,layer
896,2,15,mud
897,2,15,smooth
898,2,15,soil
899,2,15,unique
900,2,15,elevate
901,2,16,chamber
902,2,16,deny
903,2,16,document
904,2,16,emphasize
905,2,16,fever
906,2,16,flu
907,2,16,freeze
908,2,16,gesture
909,2,16,interrupt
910,2,16,last
911,2,16,likeness
912,2,16,moreover
913,2,16,perspective
914,2,16,rational
915,2,16,recover
916,2,16,rely
917,2,16,shock
918,2,16,shy
919,2,16,stare
920,2,16,thus
921,2,17,aim
922,2,17,attach
923,2,17,bet
924,2,17,carriage
925,2,17,classic
926,2,17,commute
927,2,17,confirm
928,2,17,criticize
929,2,17,differ
930,2,17,expense
931,2,17,formal
932,2,17,height
933,2,17,invent
934,2,17,junior
935,2,17,labor
936,2,17,mechanic
937,2,17,prime
938,2,17,shift
939,2,17,signal
940,2,17,sincere
941,2,18,ability
942,2,18,agriculture
943,2,18,cartoon
944,2,18,ceiling
945,2,18,convince
946,2,18,curious
947,2,18,delay
948,2,18,diary
949,2,18,element
950,2,18,faith
951,2,18,grain
952,2,18,greet
953,2,18,investigate
954,2,18,joy
955,2,18,label
956,2,18,monk
957,2,18,odd
958,2,18,pause
959,2,18,priest
960,2,18,profession
961,2,19,adopt
962,2,19,beg
963,2,19,beyond
964,2,19,costume
965,2,19,exclaim
966,2,19,extend
967,2,19,fool
968,2,19,forbid
969,2,19,illustrate
970,2,19,indeed
971,2,19,interpret
972,2,19,kindly
973,2,19,motive
974,2,19,nest
975,2,19,origin
976,2,19,reception
977,2,19,reject
978,2,19,silence
979,2,19,stream
980,2,19,tone
981,2,20,accomplish
982,2,20,approve
983,2,20,approximate
984,2,20,barrier
985,2,20,detect
986,2,20,duty
987,2,20,elementary
988,2,20,failure
989,2,20,gradual
990,2,20,statistic
991,2,20,immigrant
992,2,20,insert
993,2,20,instant
994,2,20,poverty
995,2,20,pretend
996,2,20,rank
997,2,20,recognition
998,2,20,refrigerate
999,2,20,rent
1000,2,20,retire
1001,2,21,astronaut
1002,2,21,awake
1003,2,21,courage
1004,2,21,float
1005,2,21,grant
1006,2,21,gravity
1007,2,21,jewel
1008,2,21,miner
1009,2,21,mineral
1010,2,21,participate
1011,2,21,permission
1012,2,21,pour
1013,2,21,presence
1014,2,21,raw
1015,2,21,satellite
1016,2,21,scale
1017,2,21,skip
1018,2,21,stretch
1019,2,21,telescope
1020,2,21,underground
1021,2,22,alarm
1022,2,22,apart
1023,2,22,arrest
1024,2,22,award
1025,2,22,breed
1026,2,22,bucket
1027,2,22,contest
1028,2,22,convict
1029,2,22,garage
1030,2,22,journalist
1031,2,22,pup
1032,2,22,qualify
1033,2,22,repair
1034,2,22,resume
1035,2,22,rob
1036,2,22,slip
1037,2,22,somewhat
1038,2,22,stable
1039,2,22,tissue
1040,2,22,yard
1041,2,23,alike
1042,2,23,annoy
1043,2,23,architecture
1044,2,23,artificial
1045,2,23,chain
1046,2,23,distinct
1047,2,23,distinguish
1048,2,23,dust
1049,2,23,excitement
1050,2,23,heal
1051,2,23,inherit
1052,2,23,manner
1053,2,23,mount
1054,2,23,roof
1055,2,23,shortage
1056,2,23,solid
1057,2,23,stock
1058,2,23,substance
1059,2,23,tomb
1060,2,23,wound
1061,2,24,bath
1062,2,24,bend
1063,2,24,chew
1064,2,24,disabled
1065,2,24,fantastic
1066,2,24,fiction
1067,2,24,flag
1068,2,24,inspect
1069,2,24,journal
1070,2,24,liquid
1071,2,24,nutrient
1072,2,24,overcome
1073,2,24,recall
1074,2,24,regret
1075,2,24,soul
1076,2,24,sufficient
1077,2,24,surgery
1078,2,24,tough
1079,2,24,tube
1080,2,24,marvel
1081,2,25,admit
1082,2,25,bin
1083,2,25,bowl
1084,2,25,cabin
1085,2,25,cash
1086,2,25,criminal
1087,2,25,dozen
1088,2,25,elder
1089,2,25,facial
1090,2,25,fence
1091,2,25,neat
1092,2,25,occasion
1093,2,25,penalty
1094,2,25,rude
1095,2,25,settle
1096,2,25,vehicle
1097,2,25,wallet
1098,2,25,yell
1099,2,25,inspire
1100,2,25,mere
1101,2,26,accuse
1102,2,26,adjust
1103,2,26,amuse
1104,2,26,coral
1105,2,26,cotton
1106,2,26,crash
1107,2,26,deck
1108,2,26,engage
1109,2,26,firm
1110,2,26,fuel
1111,2,26,hurricane
1112,2,26,loss
1113,2,26,plain
1114,2,26,reef
1115,2,26,shut
1116,2,26,strict
1117,2,26,surf
1118,2,26,task
1119,2,26,zone
1120,2,26,grand
1121,2,27,apology
1122,2,27,bold
1123,2,27,capture
1124,2,27,cardinal
1125,2,27,duke
1126,2,27,expose
1127,2,27,guilty
1128,2,27,hire
1129,2,27,innocent
1130,2,27,jail
1131,2,27,ordinary
1132,2,27,permanent
1133,2,27,preserve
1134,2,27,pronounce
1135,2,27,resemble
1136,2,27,symptom
1137,2,27,tobacco
1138,2,27,twin
1139,2,27,witch
1140,2,27,minister
1141,2,28,accompany
1142,2,28,bare
1143,2,28,branch
1144,2,28,breath
1145,2,28,bridge
1146,2,28,cast
1147,2,28,dare
1148,2,28,electronic
1149,2,28,inn
1150,2,28,net
1151,2,28,pot
1152,2,28,seed
1153,2,28,sharp
1154,2,28,sort
1155,2,28,subtract
1156,2,28,tight
1157,2,28,virtual
1158,2,28,weigh
1159,2,28,whisper
1160,2,28,philosophy
1161,2,29,abstract
1162,2,29,annual
1163,2,29,clay
1164,2,29,cloth
1165,2,29,curtain
1166,2,29,deserve
1167,2,29,feather
1168,2,29,fertile
1169,2,29,flood
1170,2,29,furniture
1171,2,29,ideal
1172,2,29,intelligence
1173,2,29,nowadays
1174,2,29,obtain
1175,2,29,religious
1176,2,29,romantic
1177,2,29,shell
1178,2,29,shore
1179,2,29,wheel
1180,2,29,grave
1181,2,30,appeal
1182,2,30,assume
1183,2,30,borrow
1184,2,30,client
1185,2,30,downtown
1186,2,30,dull
1187,2,30,embarrass
1188,2,30,fare
1189,2,30,former
1190,2,30,formula
1191,2,30,found
1192,2,30,invest
1193,2,30,loan
1194,2,30,practical
1195,2,30,quarter
1196,2,30,salary
1197,2,30,scholarship
1198,2,30,temporary
1199,2,30,treasure
1200,2,30,urge
1201,3,1,arise
1202,3,1,benefactor
1203,3,1,blacksmith
1204,3,1,charitable
1205,3,1,chimney
1206,3,1,compensate
1207,3,1,encounter
1208,3,1,exceed
1209,3,1,forge
1210,3,1,sustain
1211,3,1,humble
1212,3,1,iron
1213,3,1,ladder
1214,3,1,modest
1215,3,1,occupy
1216,3,1,penny
1217,3,1,preach
1218,3,1,prosper
1219,3,1,province
1220,3,1,satisfaction
1221,3,2,acquire
1222,3,2,awkward
1223,3,2,caretaker
1224,3,2,deceive
1225,3,2,discourage
1226,3,2,fake
1227,3,2,hatred
1228,3,2,hut
1229,3,2,inferior
1230,3,2,lodge
1231,3,2,neglect
1232,3,2,newcomer
1233,3,2,offense
1234,3,2,overlook
1235,3,2,repay
1236,3,2,ridiculous
1237,3,2,satisfactory
1238,3,2,shepherd
1239,3,2,venture
1240,3,2,wheat
1241,3,3,alley
1242,3,3,ax
1243,3,3,bunch
1244,3,3,chore
1245,3,3,decent
1246,3,3,disgrace
1247,3,3,elbow
1248,3,3,grateful
1249,3,3,irritate
1250,3,3,kid
1251,3,3,loose
1252,3,3,offend
1253,3,3,overnight
1254,3,3,persist
1255,3,3,pine
1256,3,3,scar
1257,3,3,sensation
1258,3,3,sled
1259,3,3,tease
1260,3,3,valentine
1261,3,4,bloom
1262,3,4,compact
1263,3,4,curl
1264,3,4,decay
1265,3,4,dessert
1266,3,4,dip
1267,3,4,distant
1268,3,4,eclipse
1269,3,4,fairy
1270,3,4,grace
1271,3,4,passion
1272,3,4,pillow
1273,3,4,pulse
1274,3,4,refresh
1275,3,4,sneeze
1276,3,4,spice
1277,3,4,whistle
1278,3,4,wool
1279,3,4,leisure
1280,3,4,mankind
1281,3,5,acquaint
1282,3,5,cemetery
1283,3,5,curse
1284,3,5,disguise
1285,3,5,fancy
1286,3,5,flashlight
1287,3,5,hood
1288,3,5,inhabitant
1289,3,5,nourish
1290,3,5,pirate
1291,3,5,publication
1292,3,5,riddle
1293,3,5,rot
1294,3,5,scare
1295,3,5,shortly
1296,3,5,skeleton
1297,3,5,spoil
1298,3,5,starve
1299,3,5,thrill
1300,3,5,wicked
1301,3,6,alert
1302,3,6,broadcast
1303,3,6,bulletin
1304,3,6,bump
1305,3,6,chop
1306,3,6,closet
1307,3,6,console
1308,3,6,district
1309,3,6,drawer
1310,3,6,endure
1311,3,6,grasp
1312,3,6,rear
1313,3,6,senator
1314,3,6,skull
1315,3,6,stir
1316,3,6,tap
1317,3,6,tremendous
1318,3,6,underneath
1319,3,6,worm
1320,3,6,execute
1321,3,7,abandon
1322,3,7,ambitious
1323,3,7,bark
1324,3,7,bay
1325,3,7,brilliant
1326,3,7,chin
1327,3,7,complaint
1328,3,7,deaf
1329,3,7,enthusiastic
1330,3,7,expedition
1331,3,7,horizon
1332,3,7,loyal
1333,3,7,mayor
1334,3,7,mutual
1335,3,7,overweight
1336,3,7,refuge
1337,3,7,restore
1338,3,7,rub
1339,3,7,senses
1340,3,7,veterinarian
1341,3,8,anniversary
1342,3,8,arithmetic
1343,3,8,ashamed
1344,3,8,burst
1345,3,8,carpenter
1346,3,8,coal
1347,3,8,couch
1348,3,8,drip
1349,3,8,elegant
1350,3,8,fabric
1351,3,8,highlands
1352,3,8,ivory
1353,3,8,mill
1354,3,8,needle
1355,3,8,polish
1356,3,8,sew
1357,3,8,shed
1358,3,8,thread
1359,3,8,trim
1360,3,8,upwards
1361,3,9,ail
1362,3,9,ally
1363,3,9,boast
1364,3,9,bounce
1365,3,9,bully
1366,3,9,carbohydrate
1367,3,9,crawl
1368,3,9,defeat
1369,3,9,dial
1370,3,9,dominant
1371,3,9,mercy
1372,3,9,nod
1373,3,9,opponent
1374,3,9,quarrel
1375,3,9,rival
1376,3,9,sore
1377,3,9,sting
1378,3,9,strain
1379,3,9,torture
1380,3,9,wrestle
1381,3,10,absence
1382,3,10,aloud
1383,3,10,bald
1384,3,10,blanket
1385,3,10,creep
1386,3,10,divorce
1387,3,10,imitate
1388,3,10,infant
1389,3,10,kidnap
1390,3,10,nap
1391,3,10,pat
1392,3,10,relief
1393,3,10,reproduce
1394,3,10,rhyme
1395,3,10,suck
1396,3,10,urgent
1397,3,10,vanish
1398,3,10,wagon
1399,3,10,wrinkle
1400,3,10,nowhere
1401,3,11,abnormal
1402,3,11,bamboo
1403,3,11,blossom
1404,3,11,compass
1405,3,11,dialect
1406,3,11,dishonest
1407,3,11,dwarf
1408,3,11,ecosystem
1409,3,11,fatal
1410,3,11,impatient
1411,3,11,leaf
1412,3,11,manuscript
1413,3,11,marsh
1414,3,11,patience
1415,3,11,perfume
1416,3,11,pond
1417,3,11,proverb
1418,3,11,pursuit
1419,3,11,recite
1420,3,11,wilderness
1421,3,12,anticipate
1422,3,12,barrel
1423,3,12,beam
1424,3,12,casual
1425,3,12,caution
1426,3,12,contrary
1427,3,12,deliberate
1428,3,12,dissolve
1429,3,12,explode
1430,3,12,fasten
1431,3,12,germ
1432,3,12,kit
1433,3,12,puff
1434,3,12,rag
1435,3,12,scatter
1436,3,12,scent
1437,3,12,steel
1438,3,12,swift
1439,3,12,toss
1440,3,12,triumph
1441,3,13,aboard
1442,3,13,bitter
1443,3,13,bullet
1444,3,13,devil
1445,3,13,drift
1446,3,13,enforce
1447,3,13,fountain
1448,3,13,harbor
1449,3,13,inhabit
1450,3,13,march
1451,3,13,millionaire
1452,3,13,port
1453,3,13,sheriff
1454,3,13,startle
1455,3,13,sweat
1456,3,13,trigger
1457,3,13,unify
1458,3,13,vessel
1459,3,13,voyage
1460,3,13,worship
1461,3,14,apprentice
1462,3,14,assure
1463,3,14,bandage
1464,3,14,bleed
1465,3,14,bond
1466,3,14,chef
1467,3,14,crown
1468,3,14,departure
1469,3,14,diligent
1470,3,14,emperor
1471,3,14,fiber
1472,3,14,horrible
1473,3,14,impolite
1474,3,14,kneel
1475,3,14,luxury
1476,3,14,massive
1477,3,14,panic
1478,3,14,priority
1479,3,14,robe
1480,3,14,scold
1481,3,15,affair
1482,3,15,assembly
1483,3,15,bless
1484,3,15,cereal
1485,3,15,cheerful
1486,3,15,diameter
1487,3,15,exploit
1488,3,15,famine
1489,3,15,harvest
1490,3,15,merry
1491,3,15,pardon
1492,3,15,pharaoh
1493,3,15,ripe
1494,3,15,roast
1495,3,15,routine
1496,3,15,scheme
1497,3,15,slim
1498,3,15,stove
1499,3,15,theft
1500,3,15,nut
1501,3,16,adolescent
1502,3,16,aptitude
1503,3,16,compliment
1504,3,16,hinder
1505,3,16,journalism
1506,3,16,jury
1507,3,16,justice
1508,3,16,liberty
1509,3,16,literary
1510,3,16,tidy
1511,3,16,pharmacy
1512,3,16,pill
1513,3,16,presume
1514,3,16,privacy
1515,3,16,punishment
1516,3,16,sensible
1517,3,16,slice
1518,3,16,sorrow
1519,3,16,straw
1520,3,16,swell
1521,3,17,affection
1522,3,17,agency
1523,3,17,ash
1524,3,17,confine
1525,3,17,dismiss
1526,3,17,erupt
1527,3,17,fate
1528,3,17,lava
1529,3,17,miserable
1530,3,17,navigate
1531,3,17,remainder
1532,3,17,retrieve
1533,3,17,shallow
1534,3,17,slope
1535,3,17,span
1536,3,17,superstition
1537,3,17,sympathy
1538,3,17,vibrate
1539,3,17,wander
1540,3,17,originate
1541,3,18,armor
1542,3,18,blaze
1543,3,18,boom
1544,3,18,cliff
1545,3,18,flame
1546,3,18,independence
1547,3,18,invasion
1548,3,18,knight
1549,3,18,lightning
1550,3,18,rebel
1551,3,18,revolution
1552,3,18,spear
1553,3,18,steep
1554,3,18,summit
1555,3,18,thunder
1556,3,18,troops
1557,3,18,warrior
1558,3,18,withdraw
1559,3,18,yield
1560,3,18,retreat
1561,3,19,bench
1562,3,19,confront
1563,3,19,daisy
1564,3,19,dispute
1565,3,19,horror
1566,3,19,incident
1567,3,19,mist
1568,3,19,object
1569,3,19,orphan
1570,3,19,plot
1571,3,19,pregnant
1572,3,19,rage
1573,3,19,revenge
1574,3,19,shame
1575,3,19,sigh
1576,3,19,sneak
1577,3,19,spare
1578,3,19,stem
1579,3,19,supper
1580,3,19,tender
1581,3,20,beneath
1582,3,20,cub
1583,3,20,dawn
1584,3,20,dissatisfied
1585,3,20,ease
1586,3,20,evident
1587,3,20,hail
1588,3,20,howl
1589,3,20,leap
1590,3,20,magnificent
1591,3,20,outcome
1592,3,20,pile
1593,3,20,profound
1594,3,20,seize
1595,3,20,squeeze
1596,3,20,supreme
1597,3,20,terrific
1598,3,20,trait
1599,3,20,vital
1600,3,20,necessity
1601,3,21,accustomed
1602,3,21,affirm
1603,3,21,astonished
1604,3,21,bang
1605,3,21,clan
1606,3,21,dim
1607,3,21,emphasis
1608,3,21,fable
1609,3,21,feast
1610,3,21,glow
1611,3,21,instinct
1612,3,21,joint
1613,3,21,leak
1614,3,21,physician
1615,3,21,sacrifice
1616,3,21,stiff
1617,3,21,stroke
1618,3,21,tragic
1619,3,21,tune
1620,3,21,hollow
1621,3,22,accommodate
1622,3,22,circus
1623,3,22,coincide
1624,3,22,commission
1625,3,22,dose
1626,3,22,dye
1627,3,22,extent
1628,3,22,gender
1629,3,22,headline
1630,3,22,informal
1631,3,22,inquire
1632,3,22,messenger
1633,3,22,peer
1634,3,22,portrait
1635,3,22,pose
1636,3,22,ranch
1637,3,22,steer
1638,3,22,stripe
1639,3,22,tame
1640,3,22,tempt
1641,3,23,Aborigine
1642,3,23,ban
1643,3,23,cautious
1644,3,23,confess
1645,3,23,cottage
1646,3,23,daytime
1647,3,23,desperate
1648,3,23,fade
1649,3,23,fierce
1650,3,23,gamble
1651,3,23,lawn
1652,3,23,mow
1653,3,23,outlaw
1654,3,23,prospect
1655,3,23,purse
1656,3,23,rod
1657,3,23,seldom
1658,3,23,shave
1659,3,23,terrified
1660,3,23,wizard
1661,3,24,baggage
1662,3,24,bulb
1663,3,24,bundle
1664,3,24,cattle
1665,3,24,flee
1666,3,24,graze
1667,3,24,greed
1668,3,24,herd
1669,3,24,initiate
1670,3,24,lane
1671,3,24,optimist
1672,3,24,parade
1673,3,24,pave
1674,3,24,phantom
1675,3,24,portable
1676,3,24,poster
1677,3,24,scratch
1678,3,24,symphony
1679,3,24,widow
1680,3,24,nerve
1681,3,25,circulate
1682,3,25,consequent
1683,3,25,derive
1684,3,25,drown
1685,3,25,dynasty
1686,3,25,fraction
1687,3,25,frost
1688,3,25,illusion
1689,3,25,invade
1690,3,25,lieutenant
1691,3,25,marine
1692,3,25,merit
1693,3,25,navy
1694,3,25,polar
1695,3,25,ray
1696,3,25,resign
1697,3,25,suicide
1698,3,25,tremble
1699,3,25,underlying
1700,3,25,via
1701,3,26,alter
1702,3,26,aside
1703,3,26,autumn
1704,3,26,blend
1705,3,26,collapse
1706,3,26,crush
1707,3,26,curve
1708,3,26,disgusting
1709,3,26,drain
1710,3,26,embrace
1711,3,26,fireworks
1712,3,26,flour
1713,3,26,fuse
1714,3,26,ginger
1715,3,26,jealous
1716,3,26,paste
1717,3,26,receipt
1718,3,26,wipe
1719,3,26,wire
1720,3,26,envy
1721,3,27,acknowledge
1722,3,27,ambassador
1723,3,27,blonde
1724,3,27,conquer
1725,3,27,drag
1726,3,27,exaggerate
1727,3,27,heritage
1728,3,27,insult
1729,3,27,meanwhile
1730,3,27,vase
1731,3,27,necklace
1732,3,27,noble
1733,3,27,precious
1734,3,27,prejudice
1735,3,27,rumor
1736,3,27,sin
1737,3,27,spectacle
1738,3,27,stack
1739,3,27,suspicious
1740,3,27,tin
1741,3,28,ache
1742,3,28,arctic
1743,3,28,canal
1744,3,28,chemist
1745,3,28,chill
1746,3,28,congress
1747,3,28,dairy
1748,3,28,descend
1749,3,28,grocer
1750,3,28,hesitate
1751,3,28,institution
1752,3,28,jog
1753,3,28,merchant
1754,3,28,poke
1755,3,28,postpone
1756,3,28,splash
1757,3,28,stubborn
1758,3,28,suburb
1759,3,28,tide
1760,3,28,tragedy
1761,3,29,bomb
1762,3,29,certificate
1763,3,29,circumstance
1764,3,29,coffin
1765,3,29,cope
1766,3,29,criticism
1767,3,29,devastate
1768,3,29,frown
1769,3,29,gaze
1770,3,29,glance
1771,3,29,grief
1772,3,29,groom
1773,3,29,license
1774,3,29,microscope
1775,3,29,nuclear
1776,3,29,portray
1777,3,29,rotate
1778,3,29,souvenir
1779,3,29,submarine
1780,3,29,trace
1781,3,30,appliance
1782,3,30,basin
1783,3,30,broom
1784,3,30,caterpillar
1785,3,30,cupboard
1786,3,30,delicate
1787,3,30,emerge
1788,3,30,handicap
1789,3,30,hook
1790,3,30,hop
1791,3,30,laundry
1792,3,30,pursue
1793,3,30,reluctant
1794,3,30,sleeve
1795,3,30,spine
1796,3,30,stain
1797,3,30,strip
1798,3,30,swear
1799,3,30,swing
1800,3,30,utilize
1801,4,1,aroma
1802,4,1,beverage
1803,4,1,cluster
1804,4,1,combine
1805,4,1,condensed
1806,4,1,contemporary
1807,4,1,cultivate
1808,4,1,divine
1809,4,1,humid
1810,4,1,vary
1811,4,1,odor
1812,4,1,palate
1813,4,1,paradise
1814,4,1,plantation
1815,4,1,rapid
1816,4,1,rate
1817,4,1,soothing
1818,4,1,subtle
1819,4,1,texture
1820,4,1,toxic
1821,4,2,accident
1822,4,2,admiral
1823,4,2,arc
1824,4,2,character
1825,4,2,conscience
1826,4,2,fiery
1827,4,2,flesh
1828,4,2,grapefruit
1829,4,2,hay
1830,4,2,horrified
1831,4,2,kerosene
1832,4,2,loop
1833,4,2,paddle
1834,4,2,raft
1835,4,2,sour
1836,4,2,stake
1837,4,2,steward
1838,4,2,string
1839,4,2,thorn
1840,4,2,wreck
1841,4,3,admonish
1842,4,3,audible
1843,4,3,awesome
1844,4,3,beware
1845,4,3,brag
1846,4,3,conscious
1847,4,3,disagree
1848,4,3,echo
1849,4,3,eventual
1850,4,3,hint
1851,4,3,idiot
1852,4,3,immense
1853,4,3,indirect
1854,4,3,option
1855,4,3,pastime
1856,4,3,perfect
1857,4,3,pinpoint
1858,4,3,switch
1859,4,3,thorough
1860,4,3,torment
1861,4,4,beak
1862,4,4,damp
1863,4,4,disapprove
1864,4,4,except
1865,4,4,flight
1866,4,4,fond
1867,4,4,immoral
1868,4,4,ivy
1869,4,4,moan
1870,4,4,oblivious
1871,4,4,rim
1872,4,4,roost
1873,4,4,slippery
1874,4,4,soar
1875,4,4,trivial
1876,4,4,typical
1877,4,4,utterly
1878,4,4,weep
1879,4,4,perish
1880,4,4,pit
1881,4,5,awhile
1882,4,5,cyberspace
1883,4,5,edit
1884,4,5,essay
1885,4,5,evaluate
1886,4,5,faint
1887,4,5,global
1888,4,5,gymnasium
1889,4,5,highlight
1890,4,5,ignorant
1891,4,5,index
1892,4,5,lecture
1893,4,5,moral
1894,4,5,operate
1895,4,5,private
1896,4,5,recent
1897,4,5,resolution
1898,4,5,semester
1899,4,5,typewritten
1900,4,5,weird
1901,4,6,absolute
1902,4,6,alas
1903,4,6,attentive
1904,4,6,cape
1905,4,6,envision
1906,4,6,evenly
1907,4,6,folk
1908,4,6,melt
1909,4,6,patch
1910,4,6,pleasure
1911,4,6,pudding
1912,4,6,rail
1913,4,6,recipe
1914,4,6,role
1915,4,6,shrink
1916,4,6,soak
1917,4,6,spark
1918,4,6,spirit
1919,4,6,suit
1920,4,6,pop
1921,4,7,account
1922,4,7,architect
1923,4,7,conceal
1924,4,7,crime
1925,4,7,deed
1926,4,7,gratitude
1927,4,7,habitat
1928,4,7,intervene
1929,4,7,landmark
1930,4,7,legal
1931,4,7,memorable
1932,4,7,oblige
1933,4,7,offence
1934,4,7,proclaim
1935,4,7,rally
1936,4,7,resolve
1937,4,7,resource
1938,4,7,sentence
1939,4,7,volunteer
1940,4,7,witness
1941,4,8,access
1942,4,8,conduct
1943,4,8,constant
1944,4,8,crack
1945,4,8,device
1946,4,8,enclose
1947,4,8,grip
1948,4,8,halt
1949,4,8,impending
1950,4,8,influence
1951,4,8,mode
1952,4,8,perspire
1953,4,8,replace
1954,4,8,snap
1955,4,8,sly
1956,4,8,tend
1957,4,8,valid
1958,4,8,version
1959,4,8,whatsoever
1960,4,8,law
1961,4,9,alongside
1962,4,9,appetite
1963,4,9,assist
1964,4,9,breeze
1965,4,9,defy
1966,4,9,display
1967,4,9,efficient
1968,4,9,feeble
1969,4,9,forgive
1970,4,9,lively
1971,4,9,nor
1972,4,9,outraged
1973,4,9,pessimistic
1974,4,9,rumor
1975,4,9,slap
1976,4,9,smash
1977,4,9,subject
1978,4,9,wage
1979,4,9,whereas
1980,4,9,majestic
1981,4,10,animate
1982,4,10,classify
1983,4,10,concede
1984,4,10,concept
1985,4,10,construct
1986,4,10,decade
1987,4,10,diagram
1988,4,10,ferry
1989,4,10,handy
1990,4,10,isolate
1991,4,10,numerous
1992,4,10,particle
1993,4,10,plea
1994,4,10,refrain
1995,4,10,review
1996,4,10,sophisticated
1997,4,10,surrender
1998,4,10,upright
1999,4,10,worthwhile
2000,4,10,longing
2001,4,11,alliance
2002,4,11,applause
2003,4,11,armed
2004,4,11,authoritative
2005,4,11,ceremony
2006,4,11,culture
2007,4,11,defense
2008,4,11,detail
2009,4,11,diverse
2010,4,11,vain
2011,4,11,enchant
2012,4,11,equip
2013,4,11,exception
2014,4,11,genre
2015,4,11,impact
2016,4,11,lure
2017,4,11,obstacle
2018,4,11,shelter
2019,4,11,sort
2020,4,11,supply
2021,4,12,alternative
2022,4,12,avenue
2023,4,12,belly
2024,4,12,bid
2025,4,12,blow
2026,4,12,conflict
2027,4,12,continent
2028,4,12,current
2029,4,12,disrespect
2030,4,12,enthusiasm
2031,4,12,harsh
2032,4,12,lean
2033,4,12,meantime
2034,4,12,mischief
2035,4,12,muscle
2036,4,12,rescue
2037,4,12,succession
2038,4,12,terrain
2039,4,12,timid
2040,4,12,violence
2041,4,13,affect
2042,4,13,autograph
2043,4,13,bead
2044,4,13,brew
2045,4,13,charm
2046,4,13,destiny
2047,4,13,horn
2048,4,13,irritable
2049,4,13,lag
2050,4,13,maximize
2051,4,13,nutritious
2052,4,13,protein
2053,4,13,signature
2054,4,13,stuff
2055,4,13,subconscious
2056,4,13,van
2057,4,13,warn
2058,4,13,workout
2059,4,13,zoom
2060,4,13,nightmare
2061,4,14,brick
2062,4,14,crumble
2063,4,14,dough
2064,4,14,express
2065,4,14,fist
2066,4,14,flexible
2067,4,14,flush
2068,4,14,injure
2069,4,14,lump
2070,4,14,mixture
2071,4,14,shatter
2072,4,14,shutter
2073,4,14,sift
2074,4,14,slight
2075,4,14,sparkle
2076,4,14,sprinkle
2077,4,14,stale
2078,4,14,utter
2079,4,14,reconcile
2080,4,14,ruin
2081,4,15,although
2082,4,15,apply
2083,4,15,await
2084,4,15,beloved
2085,4,15,bury
2086,4,15,climate
2087,4,15,complain
2088,4,15,confuse
2089,4,15,due
2090,4,15,entire
2091,4,15,furnace
2092,4,15,leash
2093,4,15,mature
2094,4,15,measure
2095,4,15,midst
2096,4,15,misery
2097,4,15,prior
2098,4,15,research
2099,4,15,variety
2100,4,15,establish
2101,4,16,altogether
2102,4,16,bind
2103,4,16,bruise
2104,4,16,custom
2105,4,16,disobedient
2106,4,16,foresee
2107,4,16,glimpse
2108,4,16,hoop
2109,4,16,misfortune
2110,4,16,vehement
2111,4,16,negative
2112,4,16,per
2113,4,16,plead
2114,4,16,rip
2115,4,16,sake
2116,4,16,scrape
2117,4,16,source
2118,4,16,stern
2119,4,16,stitch
2120,4,16,thump
2121,4,17,civilization
2122,4,17,convenient
2123,4,17,den
2124,4,17,dew
2125,4,17,drastic
2126,4,17,exit
2127,4,17,flock
2128,4,17,fold
2129,4,17,lid
2130,4,17,loom
2131,4,17,native
2132,4,17,poison
2133,4,17,reed
2134,4,17,shield
2135,4,17,stormy
2136,4,17,sway
2137,4,17,urban
2138,4,17,wade
2139,4,17,mighty
2140,4,17,mushroom
2141,4,18,accent
2142,4,18,barber
2143,4,18,basement
2144,4,18,blank
2145,4,18,blink
2146,4,18,choir
2147,4,18,comic
2148,4,18,complicate
2149,4,18,decline
2150,4,18,errand
2151,4,18,hermit
2152,4,18,justly
2153,4,18,leather
2154,4,18,ponder
2155,4,18,reserve
2156,4,18,script
2157,4,18,search
2158,4,18,slam
2159,4,18,staircase
2160,4,18,glove
2161,4,19,afflicted
2162,4,19,aisle
2163,4,19,atmosphere
2164,4,19,author
2165,4,19,breakdown
2166,4,19,cargo
2167,4,19,chapter
2168,4,19,connect
2169,4,19,etc.
2170,4,19,flip
2171,4,19,notify
2172,4,19,pea
2173,4,19,raisin
2174,4,19,retain
2175,4,19,state
2176,4,19,tray
2177,4,19,unfortunate
2178,4,19,vivid
2179,4,19,vomit
2180,4,19,idle
2181,4,20,betray
2182,4,20,blast
2183,4,20,bracelet
2184,4,20,cease
2185,4,20,choke
2186,4,20,civil
2187,4,20,comment
2188,4,20,cross
2189,4,20,dent
2190,4,20,distrust
2191,4,20,lining
2192,4,20,mass
2193,4,20,pray
2194,4,20,rife
2195,4,20,sole
2196,4,20,sweep
2197,4,20,treachery
2198,4,20,tuck
2199,4,20,fort
2200,4,20,found
2201,4,21,background
2202,4,21,bait
2203,4,21,chronicle
2204,4,21,copper
2205,4,21,disease
2206,4,21,folklore
2207,4,21,infect
2208,4,21,itch
2209,4,21,literature
2210,4,21,millennium
2211,4,21,myth
2212,4,21,promote
2213,4,21,relate
2214,4,21,religion
2215,4,21,sum
2216,4,21,teller
2217,4,21,trustworthy
2218,4,21,update
2219,4,21,vein
2220,4,21,venom
2221,4,22,charity
2222,4,22,commerce
2223,4,22,condemn
2224,4,22,cozy
2225,4,22,deplete
2226,4,22,economy
2227,4,22,empire
2228,4,22,goods
2229,4,22,heed
2230,4,22,hitchhike
2231,4,22,mock
2232,4,22,neutral
2233,4,22,persecute
2234,4,22,pity
2235,4,22,reduce
2236,4,22,scribe
2237,4,22,temper
2238,4,22,throne
2239,4,22,unity
2240,4,22,victor
2241,4,23,accurate
2242,4,23,analyze
2243,4,23,asteroid
2244,4,23,controversy
2245,4,23,evolve
2246,4,23,factor
2247,4,23,genetic
2248,4,23,genome
2249,4,23,identical
2250,4,23,intellectual
2251,4,23,majority
2252,4,23,mammal
2253,4,23,multiply
2254,4,23,offspring
2255,4,23,pesticide
2256,4,23,regulate
2257,4,23,reinforce
2258,4,23,stricken
2259,4,23,vast
2260,4,23,vegetarian
2261,4,24,cherish
2262,4,24,compassion
2263,4,24,consent
2264,4,24,core
2265,4,24,cunning
2266,4,24,dizzy
2267,4,24,equilibrium
2268,4,24,foster
2269,4,24,grind
2270,4,24,growl
2271,4,24,moderation
2272,4,24,predator
2273,4,24,sane
2274,4,24,saucer
2275,4,24,snatch
2276,4,24,stagger
2277,4,24,stumble
2278,4,24,tense
2279,4,24,tumble
2280,4,24,withhold
2281,4,25,aircraft
2282,4,25,celebrity
2283,4,25,concrete
2284,4,25,decisive
2285,4,25,esteemed
2286,4,25,ethical
2287,4,25,extinct
2288,4,25,hardy
2289,4,25,institute
2290,4,25,jealousy
2291,4,25,migrate
2292,4,25,nurture
2293,4,25,overhead
2294,4,25,principle
2295,4,25,rural
2296,4,25,secluded
2297,4,25,species
2298,4,25,swamp
2299,4,25,traverse
2300,4,25,zoology
2301,4,26,assumption
2302,4,26,barley
2303,4,26,beast
2304,4,26,colonel
2305,4,26,contagious
2306,4,26,corpse
2307,4,26,crisis
2308,4,26,cure
2309,4,26,deformed
2310,4,26,discriminate
2311,4,26,embassy
2312,4,26,extinguish
2313,4,26,flint
2314,4,26,harass
2315,4,26,integrate
2316,4,26,miniature
2317,4,26,nutrition
2318,4,26,promptly
2319,4,26,technician
2320,4,26,tropics
2321,4,27,beneficial
2322,4,27,birthplace
2323,4,27,capacity
2324,4,27,comparative
2325,4,27,comprehensive
2326,4,27,conserve
2327,4,27,crucial
2328,4,27,cumulative
2329,4,27,deposit
2330,4,27,wooded
2331,4,27,distribute
2332,4,27,equator
2333,4,27,exotic
2334,4,27,federal
2335,4,27,formation
2336,4,27,frequency
2337,4,27,objective
2338,4,27,oxygen
2339,4,27,rainforest
2340,4,27,strategy
2341,4,28,avail
2342,4,28,expand
2343,4,28,define
2344,4,28,dread
2345,4,28,fundamental
2346,4,28,horrifying
2347,4,28,incredulous
2348,4,28,linger
2349,4,28,organism
2350,4,28,worsen
2351,4,28,paraphrase
2352,4,28,plague
2353,4,28,presently
2354,4,28,random
2355,4,28,riot
2356,4,28,scribble
2357,4,28,shrine
2358,4,28,solitude
2359,4,28,stark
2360,4,28,summon
2361,4,29,automobile
2362,4,29,candidate
2363,4,29,confidential
2364,4,29,corporate
2365,4,29,enhance
2366,4,29,era
2367,4,29,guideline
2368,4,29,incorporate
2369,4,29,interact
2370,4,29,interval
2371,4,29,mobile
2372,4,29,modify
2373,4,29,parallel
2374,4,29,phenomenon
2375,4,29,pollute
2376,4,29,ridicule
2377,4,29,solar
2378,4,29,territory
2379,4,29,tournament
2380,4,29,transportation
2381,4,30,bill
2382,4,30,boundary
2383,4,30,chaos
2384,4,30,consistent
2385,4,30,cyclone
2386,4,30,doomed
2387,4,30,heir
2388,4,30,martial
2389,4,30,organic
2390,4,30,poultry
2391,4,30,scramble
2392,4,30,sergeant
2393,4,30,sheer
2394,4,30,stance
2395,4,30,telegraph
2396,4,30,textile
2397,4,30,tornado
2398,4,30,typhoon
2399,4,30,wail
2400,4,30,wardrobe
2401,5,1,allot
2402,5,1,appall
2403,5,1,cache
2404,5,1,convenience
2405,5,1,dearth
2406,5,1,deliberate
2407,5,1,dire
2408,5,1,elapse
2409,5,1,empathy
2410,5,1,fanciful
2411,5,1,gripe
2412,5,1,grueling
2413,5,1,mundane
2414,5,1,opt
2415,5,1,outrage
2416,5,1,paltry
2417,5,1,rectify
2418,5,1,resourceful
2419,5,1,sustenance
2420,5,1,tedious
2421,5,2,abbey
2422,5,2,abundant
2423,5,2,adjoin
2424,5,2,ample
2425,5,2,arid
2426,5,2,cathedral
2427,5,2,deprive
2428,5,2,drought
2429,5,2,eligible
2430,5,2,fast
2431,5,2,grumble
2432,5,2,inland
2433,5,2,moisture
2434,5,2,nonetheless
2435,5,2,oath
2436,5,2,prairie
2437,5,2,ragged
2438,5,2,rugged
2439,5,2,scarce
2440,5,2,speculate
2441,5,3,analytic
2442,5,3,assert
2443,5,3,bachelor
2444,5,3,calculus
2445,5,3,celestial
2446,5,3,cognitive
2447,5,3,collision
2448,5,3,competent
2449,5,3,diploma
2450,5,3,excel
2451,5,3,harness
2452,5,3,intellect
2453,5,3,keen
2454,5,3,mythology
2455,5,3,physiology
2456,5,3,radioactive
2457,5,3,relativity
2458,5,3,sociology
2459,5,3,theoretical
2460,5,3,geology
2461,5,4,administrator
2462,5,4,affluent
2463,5,4,audit
2464,5,4,automate
2465,5,4,bribe
2466,5,4,corrupt
2467,5,4,dispose
2468,5,4,headquarters
2469,5,4,incentive
2470,5,4,infrastructure
2471,5,4,legislate
2472,5,4,legitimate
2473,5,4,manipulate
2474,5,4,merchandise
2475,5,4,retail
2476,5,4,revenue
2477,5,4,rubbish
2478,5,4,subsidy
2479,5,4,transaction
2480,5,4,violate
2481,5,5,assess
2482,5,5,astonish
2483,5,5,commence
2484,5,5,essence
2485,5,5,extract
2486,5,5,fabulous
2487,5,5,haste
2488,5,5,impulse
2489,5,5,latter
2490,5,5,molecule
2491,5,5,pharmaceutical
2492,5,5,precise
2493,5,5,proximity
2494,5,5,publicity
2495,5,5,remedy
2496,5,5,significance
2497,5,5,subsequent
2498,5,5,synthetic
2499,5,5,terminal
2500,5,5,ongoing
2501,5,6,altitude
2502,5,6,coastline
2503,5,6,deter
2504,5,6,devise
2505,5,6,expertise
2506,5,6,fracture
2507,5,6,impair
2508,5,6,implement
2509,5,6,indigenous
2510,5,6,tolerate
2511,5,6,insight
2512,5,6,limb
2513,5,6,migraine
2514,5,6,optimism
2515,5,6,peculiar
2516,5,6,proficient
2517,5,6,quest
2518,5,6,ridge
2519,5,6,spouse
2520,5,6,thrust
2521,5,7,aquatic
2522,5,7,biosphere
2523,5,7,bizarre
2524,5,7,Celsius
2525,5,7,coarse
2526,5,7,companion
2527,5,7,digest
2528,5,7,duration
2529,5,7,ecology
2530,5,7,feat
2531,5,7,nucleus
2532,5,7,parasite
2533,5,7,prominent
2534,5,7,repetitive
2535,5,7,reproductive
2536,5,7,temperate
2537,5,7,tolerance
2538,5,7,undergo
2539,5,7,vulnerable
2540,5,7,infinite
2541,5,8,adept
2542,5,8,barren
2543,5,8,ceramic
2544,5,8,culinary
2545,5,8,dense
2546,5,8,dignity
2547,5,8,dominate
2548,5,8,edible
2549,5,8,hostile
2550,5,8,intake
2551,5,8,malnutrition
2552,5,8,medication
2553,5,8,misconception
2554,5,8,obscure
2555,5,8,oppress
2556,5,8,peel
2557,5,8,prescription
2558,5,8,respirator
2559,5,8,strive
2560,5,8,likewise
2561,5,9,archaic
2562,5,9,benevolent
2563,5,9,brass
2564,5,9,capitalism
2565,5,9,component
2566,5,9,dependence
2567,5,9,diminish
2568,5,9,drawback
2569,5,9,fad
2570,5,9,impose
2571,5,9,managerial
2572,5,9,medieval
2573,5,9,obsolete
2574,5,9,peninsula
2575,5,9,prestige
2576,5,9,proportion
2577,5,9,radical
2578,5,9,refute
2579,5,9,spectacular
2580,5,9,weave
2581,5,10,accountant
2582,5,10,capitalist
2583,5,10,contempt
2584,5,10,dedicate
2585,5,10,ditch
2586,5,10,enterprise
2587,5,10,exquisite
2588,5,10,finance
2589,5,10,indifferent
2590,5,10,irrigate
2591,5,10,maximize
2592,5,10,monetary
2593,5,10,precaution
2594,5,10,preliminary
2595,5,10,saturate
2596,5,10,simplicity
2597,5,10,sow
2598,5,10,soy
2599,5,10,spade
2600,5,10,upcoming
2601,5,11,acute
2602,5,11,aggression
2603,5,11,banquet
2604,5,11,biography
2605,5,11,boost
2606,5,11,clap
2607,5,11,compel
2608,5,11,dominance
2609,5,11,gorgeous
2610,5,11,inevitable
2611,5,11,masterpiece
2612,5,11,multiple
2613,5,11,narrate
2614,5,11,notorious
2615,5,11,outdated
2616,5,11,overall
2617,5,11,partiality
2618,5,11,spontaneous
2619,5,11,virtue
2620,5,11,legacy
2621,5,12,anthropology
2622,5,12,applaud
2623,5,12,appoint
2624,5,12,compatible
2625,5,12,competence
2626,5,12,confer
2627,5,12,consecutive
2628,5,12,crude
2629,5,12,cube
2630,5,12,feedback
2631,5,12,ignorance
2632,5,12,masculine
2633,5,12,monument
2634,5,12,muscular
2635,5,12,posture
2636,5,12,situate
2637,5,12,supervise
2638,5,12,symmetry
2639,5,12,tattoo
2640,5,12,undergraduate
2641,5,13,brook
2642,5,13,cater
2643,5,13,considerate
2644,5,13,consumption
2645,5,13,criteria
2646,5,13,crust
2647,5,13,degrade
2648,5,13,entitle
2649,5,13,escort
2650,5,13,external
2651,5,13,faculty
2652,5,13,heap
2653,5,13,hemisphere
2654,5,13,hound
2655,5,13,impersonal
2656,5,13,ornament
2657,5,13,pedestrian
2658,5,13,sanctuary
2659,5,13,spectator
2660,5,13,facility
2661,5,14,asset
2662,5,14,aspect
2663,5,14,Braille
2664,5,14,bud
2665,5,14,coordinate
2666,5,14,disprove
2667,5,14,humanitarian
2668,5,14,hypothesis
2669,5,14,imprint
2670,5,14,informative
2671,5,14,optic
2672,5,14,premise
2673,5,14,rack
2674,5,14,Renaissance
2675,5,14,revere
2676,5,14,simultaneous
2677,5,14,skeptic
2678,5,14,spatial
2679,5,14,specify
2680,5,14,wax
2681,5,15,accessory
2682,5,15,acquisition
2683,5,15,adequate
2684,5,15,cardboard
2685,5,15,dilemma
2686,5,15,elaborate
2687,5,15,facilitate
2688,5,15,fleet
2689,5,15,grid
2690,5,15,updated
2691,5,15,import
2692,5,15,infer
2693,5,15,inflate
2694,5,15,innate
2695,5,15,marble
2696,5,15,mast
2697,5,15,nausea
2698,5,15,naval
2699,5,15,pouch
2700,5,15,saturated
2701,5,16,addict
2702,5,16,archeological
2703,5,16,archeology
2704,5,16,brainstorm
2705,5,16,budget
2706,5,16,chaotic
2707,5,16,cite
2708,5,16,correspond
2709,5,16,courtyard
2710,5,16,restrict
2711,5,16,estate
2712,5,16,fraud
2713,5,16,hydrogen
2714,5,16,integrity
2715,5,16,knit
2716,5,16,outlook
2717,5,16,parachute
2718,5,16,prehistoric
2719,5,16,proponent
2720,5,16,refine
2721,5,17,attorney
2722,5,17,chronic
2723,5,17,discipline
2724,5,17,donor
2725,5,17,fellow
2726,5,17,gossip
2727,5,17,graduate
2728,5,17,graffiti
2729,5,17,guardian
2730,5,17,implicate
2731,5,17,kin
2732,5,17,referee
2733,5,17,sever
2734,5,17,shaft
2735,5,17,stab
2736,5,17,stimulus
2737,5,17,suspicion
2738,5,17,terminate
2739,5,17,theme
2740,5,17,tuition
2741,5,18,aggressive
2742,5,18,amnesty
2743,5,18,arena
2744,5,18,auditorium
2745,5,18,captive
2746,5,18,combat
2747,5,18,commonplace
2748,5,18,compound
2749,5,18,rust
2750,5,18,sacred
2751,5,18,corps
2752,5,18,distract
2753,5,18,dumb
2754,5,18,foe
2755,5,18,hack
2756,5,18,meditate
2757,5,18,nick
2758,5,18,provoke
2759,5,18,realm
2760,5,18,reign
2761,5,19,accordingly
2762,5,19,anchor
2763,5,19,buoy
2764,5,19,catastrophe
2765,5,19,context
2766,5,19,designate
2767,5,19,distort
2768,5,19,dock
2769,5,19,fore
2770,5,19,frequent
2771,5,19,genuine
2772,5,19,grease
2773,5,19,intricate
2774,5,19,offset
2775,5,19,overlap
2776,5,19,precipitate
2777,5,19,secondhand
2778,5,19,slot
2779,5,19,submerge
2780,5,19,tactic
2781,5,20,aggregate
2782,5,20,antibiotic
2783,5,20,circuit
2784,5,20,complement
2785,5,20,compress
2786,5,20,database
2787,5,20,equivalent
2788,5,20,immune
2789,5,20,input
2790,5,20,viral
2791,5,20,intimate
2792,5,20,magnet
2793,5,20,metabolism
2794,5,20,microchip
2795,5,20,phase
2796,5,20,pinch
2797,5,20,prevalent
2798,5,20,quantum
2799,5,20,ratio
2800,5,20,spiral
2801,5,21,astounded
2802,5,21,attribute
2803,5,21,bilingual
2804,5,21,clone
2805,5,21,colloquial
2806,5,21,cosmetics
2807,5,21,dash
2808,5,21,disgust
2809,5,21,fluorescent
2810,5,21,vague
2811,5,21,furious
2812,5,21,gulf
2813,5,21,humanities
2814,5,21,knot
2815,5,21,linguist
2816,5,21,participant
2817,5,21,plausible
2818,5,21,ritual
2819,5,21,sibling
2820,5,21,skinny
2821,5,22,acid
2822,5,22,administration
2823,5,22,administrative
2824,5,22,biotechnology
2825,5,22,cholesterol
2826,5,22,coalition
2827,5,22,deceptive
2828,5,22,diabetes
2829,5,22,eliminate
2830,5,22,straightforward
2831,5,22,erosion
2832,5,22,ethics
2833,5,22,explicit
2834,5,22,framework
2835,5,22,manufacture
2836,5,22,mechanism
2837,5,22,minimize
2838,5,22,nectar
2839,5,22,notion
2840,5,22,prone
2841,5,23,astronomical
2842,5,23,atom
2843,5,23,breadth
2844,5,23,circumference
2845,5,23,comet
2846,5,23,crater
2847,5,23,crescent
2848,5,23,debris
2849,5,23,despair
2850,5,23,embed
2851,5,23,fragment
2852,5,23,galaxy
2853,5,23,gigantic
2854,5,23,gloom
2855,5,23,radiate
2856,5,23,roam
2857,5,23,solitary
2858,5,23,spectrum
2859,5,23,sphere
2860,5,23,status
2861,5,24,bankrupt
2862,5,24,conform
2863,5,24,employ
2864,5,24,expel
2865,5,24,extension
2866,5,24,forthcoming
2867,5,24,furnish
2868,5,24,hygiene
2869,5,24,hygienic
2870,5,24,landlord
2871,5,24,lease
2872,5,24,mandatory
2873,5,24,mend
2874,5,24,mortgage
2875,5,24,personnel
2876,5,24,plumbing
2877,5,24,tenant
2878,5,24,trendy
2879,5,24,utility
2880,5,24,whereby
2881,5,25,aesthetic
2882,5,25,arrogant
2883,5,25,bias
2884,5,25,canyon
2885,5,25,creek
2886,5,25,drill
2887,5,25,executive
2888,5,25,fatigue
2889,5,25,incline
2890,5,25,nasty
2891,5,25,primate
2892,5,25,primitive
2893,5,25,stereotype
2894,5,25,sticky
2895,5,25,termite
2896,5,25,thereby
2897,5,25,trail
2898,5,25,twig
2899,5,25,welfare
2900,5,25,perceive
2901,5,26,behalf
2902,5,26,flap
2903,5,26,glacier
2904,5,26,globe
2905,5,26,horizontal
2906,5,26,hum
2907,5,26,inventory
2908,5,26,inward
2909,5,26,loaf
2910,5,26,oracle
2911,5,26,preview
2912,5,26,previous
2913,5,26,provide
2914,5,26,recur
2915,5,26,relevant
2916,5,26,rite
2917,5,26,stall
2918,5,26,supernatural
2919,5,26,orbit
2920,5,26,overview
2921,5,27,adapt
2922,5,27,biological
2923,5,27,cellular
2924,5,27,dynamic
2925,5,27,fantasy
2926,5,27,heredity
2927,5,27,internal
2928,5,27,minimal
2929,5,27,pioneer
2930,5,27,prescribe
2931,5,27,respective
2932,5,27,revive
2933,5,27,rigid
2934,5,27,sequence
2935,5,27,substitute
2936,5,27,surgeon
2937,5,27,therapy
2938,5,27,transfer
2939,5,27,transition
2940,5,27,transplant
2941,5,28,aquarium
2942,5,28,arbitrary
2943,5,28,autobiography
2944,5,28,convention
2945,5,28,gracious
2946,5,28,improve
2947,5,28,insulate
2948,5,28,intrigue
2949,5,28,longevity
2950,5,28,ultimate
2951,5,28,misplace
2952,5,28,naughty
2953,5,28,norm
2954,5,28,orangutan
2955,5,28,overload
2956,5,28,philanthropy
2957,5,28,probe
2958,5,28,recipient
2959,5,28,reptile
2960,5,28,thrive
2961,5,29,antique
2962,5,29,applicant
2963,5,29,artifact
2964,5,29,authentic
2965,5,29,chronology
2966,5,29,diplomat
2967,5,29,epic
2968,5,29,excerpt
2969,5,29,fossil
2970,5,29,humiliate
2971,5,29,lyric
2972,5,29,majesty
2973,5,29,monarch
2974,5,29,precede
2975,5,29,punctual
2976,5,29,recruit
2977,5,29,refund
2978,5,29,register
2979,5,29,renown
2980,5,29,tusk
2981,5,30,burden
2982,5,30,compromise
2983,5,30,craft
2984,5,30,crook
2985,5,30,currency
2986,5,30,enigma
2987,5,30,fragile
2988,5,30,hybrid
2989,5,30,innocence
2990,5,30,merge
2991,5,30,moderate
2992,5,30,overwhelm
2993,5,30,perception
2994,5,30,reunion
2995,5,30,rig
2996,5,30,shiver
2997,5,30,sociable
2998,5,30,talkative
2999,5,30,tow
3000,5,30,tramp
3001,6,1,alleviate
3002,6,1,astrology
3003,6,1,differentiate
3004,6,1,disrupt
3005,6,1,equation
3006,6,1,err
3007,6,1,erroneous
3008,6,1,frantic
3009,6,1,hull
3010,6,1,inadvertent
3011,6,1,latitude
3012,6,1,mariner
3013,6,1,multitude
3014,6,1,nuisance
3015,6,1,permanence
3016,6,1,revolve
3017,6,1,soothe
3018,6,1,stranded
3019,6,1,volatile
3020,6,1,improvise
3021,6,2,arduous
3022,6,2,attain
3023,6,2,coexist
3024,6,2,conceive
3025,6,2,dubious
3026,6,2,ego
3027,6,2,elastic
3028,6,2,endeavor
3029,6,2,engrave
3030,6,2,excavate
3031,6,2,jagged
3032,6,2,locale
3033,6,2,mold
3034,6,2,outright
3035,6,2,periphery
3036,6,2,plaster
3037,6,2,shovel
3038,6,2,skeletal
3039,6,2,terrestrial
3040,6,2,vicious
3041,6,3,absurd
3042,6,3,anemia
3043,6,3,aristocracy
3044,6,3,aristocrat
3045,6,3,attire
3046,6,3,craze
3047,6,3,enlarge
3048,6,3,excess
3049,6,3,feminine
3050,6,3,hallmark
3051,6,3,pad
3052,6,3,predominant
3053,6,3,reputable
3054,6,3,rouge
3055,6,3,signify
3056,6,3,strap
3057,6,3,tangle
3058,6,3,vanity
3059,6,3,vie
3060,6,3,vulgar
3061,6,4,attic
3062,6,4,chunk
3063,6,4,civic
3064,6,4,descent
3065,6,4,din
3066,6,4,dissatisfy
3067,6,4,fuss
3068,6,4,gourmet
3069,6,4,hence
3070,6,4,intrinsic
3071,6,4,ordeal
3072,6,4,outspoken
3073,6,4,overwork
3074,6,4,particular
3075,6,4,pungent
3076,6,4,snore
3077,6,4,soundly
3078,6,4,superintendent
3079,6,4,kettle
3080,6,4,ministry
3081,6,5,alternate
3082,6,5,apologetic
3083,6,5,benign
3084,6,5,char
3085,6,5,clarify
3086,6,5,distress
3087,6,5,dogged
3088,6,5,ensue
3089,6,5,gasp
3090,6,5,negotiate
3091,6,5,overdose
3092,6,5,persuasion
3093,6,5,relay
3094,6,5,reluctance
3095,6,5,restate
3096,6,5,sesame
3097,6,5,sip
3098,6,5,verge
3099,6,5,wary
3100,6,5,waver
3101,6,6,ashore
3102,6,6,contradict
3103,6,6,counterpart
3104,6,6,devoid
3105,6,6,diverge
3106,6,6,elude
3107,6,6,embryo
3108,6,6,fend
3109,6,6,fictitious
3110,6,6,gazette
3111,6,6,homogeneous
3112,6,6,obstruct
3113,6,6,plunge
3114,6,6,prolong
3115,6,6,publicize
3116,6,6,sparse
3117,6,6,surplus
3118,6,6,theorize
3119,6,6,verify
3120,6,6,vigorous
3121,6,7,altar
3122,6,7,arthritis
3123,6,7,botany
3124,6,7,credible
3125,6,7,deceased
3126,6,7,deception
3127,6,7,decipher
3128,6,7,dung
3129,6,7,dusk
3130,6,7,gratify
3131,6,7,hone
3132,6,7,mash
3133,6,7,ornate
3134,6,7,pneumonia
3135,6,7,psychic
3136,6,7,psychotic
3137,6,7,scope
3138,6,7,sinister
3139,6,7,strife
3140,6,7,therapeutic
3141,6,8,congested
3142,6,8,courier
3143,6,8,deform
3144,6,8,etiquette
3145,6,8,exclusive
3146,6,8,freight
3147,6,8,garment
3148,6,8,insomnia
3149,6,8,intuitive
3150,6,8,liable
3151,6,8,obsess
3152,6,8,overboard
3153,6,8,premium
3154,6,8,privilege
3155,6,8,propel
3156,6,8,socialize
3157,6,8,suppress
3158,6,8,tram
3159,6,8,unsettle
3160,6,8,warp
3161,6,9,artery
3162,6,9,deterioration
3163,6,9,elusive
3164,6,9,forage
3165,6,9,impede
3166,6,9,induce
3167,6,9,inseparable
3168,6,9,invalid
3169,6,9,magnify
3170,6,9,mainstream
3171,6,9,microbe
3172,6,9,negligible
3173,6,9,paralysis
3174,6,9,pest
3175,6,9,prevail
3176,6,9,respiration
3177,6,9,rupture
3178,6,9,savage
3179,6,9,stun
3180,6,9,susceptible
3181,6,10,accumulate
3182,6,10,aerial
3183,6,10,apparatus
3184,6,10,avalanche
3185,6,10,consistency
3186,6,10,convection
3187,6,10,discharge
3188,6,10,intact
3189,6,10,mortal
3190,6,10,upbringing
3191,6,10,omen
3192,6,10,overcast
3193,6,10,poignant
3194,6,10,ranger
3195,6,10,rubble
3196,6,10,seclude
3197,6,10,sideways
3198,6,10,sob
3199,6,10,sober
3200,6,10,speck
3201,6,11,advocate
3202,6,11,authorize
3203,6,11,civilian
3204,6,11,commodity
3205,6,11,conquest
3206,6,11,disclose
3207,6,11,dynamics
3208,6,11,enroll
3209,6,11,envious
3210,6,11,unrest
3211,6,11,euphoria
3212,6,11,festive
3213,6,11,jolly
3214,6,11,lentil
3215,6,11,marshal
3216,6,11,morale
3217,6,11,prophecy
3218,6,11,sage
3219,6,11,senate
3220,6,11,sentiment
3221,6,12,adorn
3222,6,12,bliss
3223,6,12,butler
3224,6,12,cramp
3225,6,12,dilapidated
3226,6,12,evoke
3227,6,12,farewell
3228,6,12,faucet
3229,6,12,filth
3230,6,12,flaw
3231,6,12,housekeeping
3232,6,12,mound
3233,6,12,numb
3234,6,12,reckless
3235,6,12,slate
3236,6,12,stool
3237,6,12,testament
3238,6,12,timber
3239,6,12,valve
3240,6,12,grin
3241,6,13,certify
3242,6,13,collaborate
3243,6,13,compile
3244,6,13,counteract
3245,6,13,curb
3246,6,13,diagnose
3247,6,13,enact
3248,6,13,federation
3249,6,13,gross
3250,6,13,humane
3251,6,13,intolerable
3252,6,13,needy
3253,6,13,onset
3254,6,13,pledge
3255,6,13,prohibit
3256,6,13,rash
3257,6,13,render
3258,6,13,smallpox
3259,6,13,transmit
3260,6,13,vow
3261,6,14,camouflage
3262,6,14,contemplate
3263,6,14,contend
3264,6,14,cot
3265,6,14,enlist
3266,6,14,frontier
3267,6,14,handbook
3268,6,14,hesitant
3269,6,14,lush
3270,6,14,marrow
3271,6,14,outfit
3272,6,14,paw
3273,6,14,quiver
3274,6,14,splendid
3275,6,14,stray
3276,6,14,substantial
3277,6,14,torch
3278,6,14,tract
3279,6,14,vigil
3280,6,14,weary
3281,6,15,adhere
3282,6,15,administer
3283,6,15,compassionate
3284,6,15,contaminate
3285,6,15,deficiency
3286,6,15,epidemic
3287,6,15,hazard
3288,6,15,imperative
3289,6,15,intestines
3290,6,15,manifest
3291,6,15,metabolic
3292,6,15,overcrowded
3293,6,15,paramount
3294,6,15,practitioner
3295,6,15,provision
3296,6,15,replenish
3297,6,15,sterile
3298,6,15,upgrade
3299,6,15,viable
3300,6,15,voluntary
3301,6,16,amid
3302,6,16,backstage
3303,6,16,billionaire
3304,6,16,brute
3305,6,16,clumsy
3306,6,16,collide
3307,6,16,culprit
3308,6,16,evacuate
3309,6,16,flammable
3310,6,16,mob
3311,6,16,premature
3312,6,16,resent
3313,6,16,satire
3314,6,16,scrutiny
3315,6,16,segregate
3316,6,16,subject
3317,6,16,testify
3318,6,16,tumult
3319,6,16,underestimate
3320,6,16,uproar
3321,6,17,accelerate
3322,6,17,anew
3323,6,17,defect
3324,6,17,dreary
3325,6,17,duplicate
3326,6,17,electromagnetic
3327,6,17,electron
3328,6,17,glide
3329,6,17,ingenious
3330,6,17,innovation
3331,6,17,innovative
3332,6,17,launch
3333,6,17,meteorological
3334,6,17,meteorology
3335,6,17,penetrate
3336,6,17,propulsion
3337,6,17,simulate
3338,6,17,spur
3339,6,17,stimulate
3340,6,17,tenacious
3341,6,18,beforehand
3342,6,18,centigrade
3343,6,18,chatter
3344,6,18,concerto
3345,6,18,condense
3346,6,18,cove
3347,6,18,deteriorate
3348,6,18,exterior
3349,6,18,freeway
3350,6,18,hearty
3351,6,18,hospitable
3352,6,18,manor
3353,6,18,monastery
3354,6,18,nursery
3355,6,18,outstretched
3356,6,18,parcel
3357,6,18,profile
3358,6,18,vivacious
3359,6,18,winding
3360,6,18,zip
3361,6,19,airway
3362,6,19,Almighty
3363,6,19,advent
3364,6,19,constellation
3365,6,19,definitive
3366,6,19,equate
3367,6,19,inhale
3368,6,19,invoke
3369,6,19,lunar
3370,6,19,novelty
3371,6,19,outmoded
3372,6,19,personalize
3373,6,19,pertain
3374,6,19,primal
3375,6,19,psychiatric
3376,6,19,psychiatry
3377,6,19,reflex
3378,6,19,seizure
3379,6,19,session
3380,6,19,utensil
3381,6,20,adhesive
3382,6,20,adverse
3383,6,20,dependency
3384,6,20,dump
3385,6,20,eternal
3386,6,20,fluctuate
3387,6,20,fro
3388,6,20,inclusion
3389,6,20,intermediate
3390,6,20,intermittent
3391,6,20,mentor
3392,6,20,phoenix
3393,6,20,photosynthesis
3394,6,20,pollen
3395,6,20,regain
3396,6,20,reverse
3397,6,20,swarm
3398,6,20,texture
3399,6,20,tickle
3400,6,20,vibrant
3401,6,21,abolish
3402,6,21,amend
3403,6,21,aspire
3404,6,21,censor
3405,6,21,charter
3406,6,21,constitution
3407,6,21,cosmopolitan
3408,6,21,disseminate
3409,6,21,flatter
3410,6,21,trance
3411,6,21,infamous
3412,6,21,lame
3413,6,21,limp
3414,6,21,outburst
3415,6,21,pathological
3416,6,21,phenomenal
3417,6,21,poll
3418,6,21,remorse
3419,6,21,secrecy
3420,6,21,tackle
3421,6,22,coward
3422,6,22,delete
3423,6,22,firsthand
3424,6,22,earnest
3425,6,22,ethnic
3426,6,22,exclude
3427,6,22,fluent
3428,6,22,imperial
3429,6,22,inclusive
3430,6,22,legislature
3431,6,22,linguistic
3432,6,22,monolingual
3433,6,22,nationality
3434,6,22,patriot
3435,6,22,prosecute
3436,6,22,racial
3437,6,22,solemn
3438,6,22,solidarity
3439,6,22,tact
3440,6,22,undermine
3441,6,23,allocate
3442,6,23,appetizing
3443,6,23,blizzard
3444,6,23,cavity
3445,6,23,clockwise
3446,6,23,concentric
3447,6,23,courtesy
3448,6,23,crisp
3449,6,23,discord
3450,6,23,frigid
3451,6,23,generate
3452,6,23,glacial
3453,6,23,interchange
3454,6,23,locker
3455,6,23,multicultural
3456,6,23,omission
3457,6,23,oversee
3458,6,23,pierce
3459,6,23,replicate
3460,6,23,wavy
3461,6,24,abide
3462,6,24,conversion
3463,6,24,cram
3464,6,24,defer
3465,6,24,export
3466,6,24,fume
3467,6,24,habitual
3468,6,24,justify
3469,6,24,output
3470,6,24,overpopulation
3471,6,24,penalize
3472,6,24,petroleum
3473,6,24,prototype
3474,6,24,scrap
3475,6,24,sector
3476,6,24,subscribe
3477,6,24,subsist
3478,6,24,suspend
3479,6,24,synthesis
3480,6,24,patent
3481,6,25,acrobat
3482,6,25,advocacy
3483,6,25,communal
3484,6,25,fluid
3485,6,25,harmonize
3486,6,25,industrious
3487,6,25,inventive
3488,6,25,judicial
3489,6,25,Mandarin
3490,6,25,vine
3491,6,25,metropolitan
3492,6,25,mimic
3493,6,25,misguided
3494,6,25,rehearse
3495,6,25,scorn
3496,6,25,sensory
3497,6,25,staple
3498,6,25,statute
3499,6,25,veteran
3500,6,25,villain
3501,6,26,constrain
3502,6,26,depot
3503,6,26,emulate
3504,6,26,forefinger
3505,6,26,guts
3506,6,26,inherent
3507,6,26,intimidate
3508,6,26,janitor
3509,6,26,moist
3510,6,26,nope
3511,6,26,prod
3512,6,26,ransom
3513,6,26,restrain
3514,6,26,saliva
3515,6,26,spit
3516,6,26,sprint
3517,6,26,stunt
3518,6,26,tolerant
3519,6,26,vampire
3520,6,26,yawn
3521,6,27,analogy
3522,6,27,ancestry
3523,6,27,archer
3524,6,27,conspiracy
3525,6,27,deputy
3526,6,27,earl
3527,6,27,fragrant
3528,6,27,funnel
3529,6,27,hereditary
3530,6,27,hymn
3531,6,27,invert
3532,6,27,prey
3533,6,27,procession
3534,6,27,prophet
3535,6,27,sarcastic
3536,6,27,seasoning
3537,6,27,sodium
3538,6,27,tyranny
3539,6,27,tyrant
3540,6,27,vinegar
3541,6,28,adjoining
3542,6,28,allege
3543,6,28,arch
3544,6,28,assemble
3545,6,28,casualty
3546,6,28,erect
3547,6,28,foul
3548,6,28,hectare
3549,6,28,heighten
3550,6,28,hospitality
3551,6,28,mansion
3552,6,28,outnumber
3553,6,28,overjoyed
3554,6,28,pasture
3555,6,28,petition
3556,6,28,renovate
3557,6,28,revise
3558,6,28,slab
3559,6,28,terrace
3560,6,28,turf
3561,6,29,analogous
3562,6,29,binoculars
3563,6,29,bulk
3564,6,29,comprise
3565,6,29,depict
3566,6,29,dual
3567,6,29,Fahrenheit
3568,6,29,fulfill
3569,6,29,grove
3570,6,29,ore
3571,6,29,outweigh
3572,6,29,paradox
3573,6,29,pier
3574,6,29,shortcut
3575,6,29,tariff
3576,6,29,thermometer
3577,6,29,tilt
3578,6,29,vice versa
3579,6,29,outback
3580,6,29,whereabouts
3581,6,30,amber
3582,6,30,charcoal
3583,6,30,columnist
3584,6,30,courteous
3585,6,30,credentials
3586,6,30,crickets
3587,6,30,delta
3588,6,30,detergent
3589,6,30,euphemism
3590,6,30,streak
3591,6,30,expire
3592,6,30,granite
3593,6,30,gravel
3594,6,30,haunt
3595,6,30,liberal
3596,6,30,maze
3597,6,30,moss
3598,6,30,peck
3599,6,30,pebble
3600,6,30,reservoir
