headword	CEFR
abandon	B1
able	B1
abnormal	B1
aboard	B1
aborigine	B1
above	B1
absence	B1
absent	B1
absolute	B1
absolutely	B1
absorb	B1
abstract	B1
abundance	B1
abundant	B1
academic	B1
academy	B1
accent	B1
acceptance	B1
access	B1
accessible	B1
accessory	B1
accidental	B1
accidentally	B1
accompany	B1
accomplish	B1
according to	B1
account	B1
accountant	B1
accuracy	B1
accurate	B1
accurately	B1
accuse	B1
accustom	B1
ache	B1
achievement	B1
acknowledge	B1
acknowledgment/acknowledgement	B1
acquaintance	B1
acquire	B1
act	B1
active	B1
actress	B1
ad	B1
adapt	B1
address	B1
addressee	B1
administration	B1
admiration	B1
admission	B1
adopt	B1
adorable	B1
advance	B1
adverb	B1
adverbial	B1
advert	B1
advertise	B1
adviser/advisor	B1
aerobics	B1
affect	B1
affection	B1
afford	B1
after	B1
afterward	B1
afterwards	B1
agenda	B1
aggressive	B1
agreement	B1
agricultural	B1
agriculture	B1
aid	B1
aid	B1
aim	B1
air conditioning	B1
air force	B1
airline	B1
alarm	B1
alcohol	B1
alcoholic	B1
alike	B1
alike	B1
allergic	B1
allowance	B1
aloud	B1
alphabet	B1
alternative	B1
alternative	B1
altogether	B1
amazed	B1
amazing	B1
ambitious	B1
ambulance	B1
amount	B1
amusing	B1
analysis	B1
analyze/analyse	B1
anger	B1
angle	B1
animated	B1
animation	B1
announce	B1
announcement	B1
annoyance	B1
annoyed	B1
annual	B1
annually	B1
ant	B1
anti	B1
antique	B1
antonym	B1
anxiety	B1
anxiously	B1
anyhow	B1
ape	B1
apology	B1
apparent	B1
appeal	B1
appetite	B1
applaud	B1
applause	B1
application	B1
appoint	B1
appreciation	B1
approach	B1
approval	B1
approve	B1
approximately	B1
architect	B1
arise	B1
arithmetic	B1
arm	B1
army	B1
arrange	B1
arrangement	B1
arrest	B1
arrest	B1
arrival	B1
arrow	B1
artist	B1
artistic	B1
ashamed	B1
aside	B1
aspect	B1
aspirin	B1
assign	B1
assignment	B1
assist	B1
assistance	B1
assistant	B1
associate	B1
assume	B1
astronomer	B1
athletic	B1
Atlantic	B1
atmosphere	B1
atomic	B1
attach	B1
attachment	B1
attain	B1
attempt	B1
attend	B1
attract	B1
attraction	B1
authority	B1
auxiliary	B1
available	B1
avenue	B1
award	B1
aware	B1
awareness	B1
awesome	B1
awkward	B1
babysit	B1
babysitter	B1
back	B1
backache	B1
backpack	B1
backpacker	B1
backpacking	B1
bacon	B1
baggage	B1
baker	B1
bakery	B1
balance	B1
bald	B1
bandage	B1
bang	B1
bang	B1
bank account	B1
bar	B1
barbecue	B1
bare	B1
barely	B1
bark	B1
barman	B1
barrel	B1
base	B1
basement	B1
basin	B1
basis	B1
bat	B1
bathe	B1
battle	B1
beard	B1
beast	B1
beat	B1
beautifully	B1
beaver	B1
because of	B1
bedside	B1
behalf	B1
behave	B1
belief	B1
beloved	B1
beneath	B1
benefit	B1
bent	B1
besides	B1
bet	B1
bilingual	B1
bill	B1
bin	B1
biochemistry	B1
biography	B1
biology	B1
bishop	B1
bite	B1
bitter	B1
blame	B1
bleed	B1
blend	B1
bless	B1
blessing	B1
blind	B1
block	B1
blog	B1
blogger	B1
blush	B1
board	B1
boast	B1
bold	B1
boldly	B1
bomb	B1
bomb	B1
bond	B1
book	B1
booking	B1
boom	B1
boot	B1
border	B1
bore	B1
boredom	B1
bother	B1
bounce	B1
bound	B1
bow	B1
bowl	B1
boxing	B1
bracelet	B1
brainstorming	B1
branch	B1
brand-new	B1
brass	B1
bravely	B1
breakthrough	B1
breast	B1
breath	B1
breathless	B1
breed	B1
breeding	B1
brick	B1
brief	B1
briefly	B1
brightly	B1
broad	B1
broadcast	B1
broccoli	B1
bronze	B1
brotherhood	B1
bubble	B1
buddy	B1
builder	B1
bull	B1
bullet	B1
bulletin	B1
bump	B1
bunch	B1
burden	B1
bureau	B1
burglar	B1
burn	B1
burning	B1
burst	B1
bust	B1
but	B1
butcher	B1
buyer	B1
cabbage	B1
cabin	B1
cage	B1
calculate	B1
calculation	B1
calculator	B1
calf	B1
caller	B1
calm	B1
calmness	B1
camel	B1
campsite	B1
canal	B1
cancel	B1
cancer	B1
candle	B1
canned	B1
canteen	B1
capable	B1
capacity	B1
capsule	B1
capture	B1
capture	B1
care	B1
career	B1
careless	B1
carelessly	B1
carelessness	B1
carpet	B1
carriage	B1
carton	B1
cashpoint	B1
casual	B1
categorize/categorise	B1
category	B1
cattle	B1
caution	B1
cautious	B1
cave	B1
CD-ROM	B1
celebrity	B1
cell	B1
central	B1
central heating	B1
ceremony	B1
certainty	B1
challenging	B1
champion	B1
channel	B1
chaos	B1
characteristic	B1
characterize/characterise	B1
charge	B1
charge	B1
chariot	B1
charity	B1
charm	B1
chase	B1
chat	B1
chat show	B1
check-in counter/check-in	B1
check-in desk/check-in	B1
checkout	B1
cheerful	B1
chemical	B1
chemist	B1
chemistry	B1
cherish	B1
chest of drawers	B1
chewing gum	B1
chief	B1
choir	B1
choke	B1
Christian	B1
chronological	B1
chuckle	B1
circle	B1
circular	B1
circus	B1
citizenship	B1
civil	B1
civilization/civilisation	B1
claim	B1
classical	B1
classify	B1
clear	B1
click	B1
cliff	B1
climate	B1
climber	B1
clinic	B1
clip	B1
closely	B1
coal	B1
coast	B1
coastal	B1
cod	B1
coffin	B1
collapse	B1
collar	B1
columnist	B1
combination	B1
combine	B1
comedian	B1
comedy	B1
comet	B1
comfort	B1
comma	B1
command	B1
comment	B1
commercial	B1
commit	B1
common sense	B1
commonly	B1
companion	B1
comparison	B1
compete	B1
competitive	B1
competitor	B1
complement	B1
complete	B1
completely	B1
complex	B1
complicate	B1
complicated	B1
compliment	B1
compose	B1
composition	B1
compound	B1
compromise	B1
concentration	B1
concept	B1
concerned	B1
conclude	B1
conclusion	B1
conduct	B1
confidence	B1
confirm	B1
confirmation	B1
conflict	B1
confusing	B1
confusion	B1
congratulate	B1
connect	B1
connection/connexion	B1
conquer	B1
conscious	B1
consequently	B1
conservation	B1
conservative	B1
considerable	B1
consideration	B1
consonant	B1
constantly	B1
constitute	B1
constitution	B1
construct	B1
construction	B1
consume	B1
consumer	B1
consumption	B1
contain	B1
content	B1
continual	B1
continually	B1
continuous	B1
continuously	B1
contrary	B1
contribute	B1
contribution	B1
control	B1
controversial	B1
convey	B1
convince	B1
copyright	B1
correction	B1
cotton	B1
cough	B1
council	B1
counseling/counselling	B1
count	B1
counter	B1
countless	B1
county	B1
courage	B1
courageous	B1
courgette	B1
craft	B1
crash	B1
crash	B1
creator	B1
criminal	B1
crisis	B1
critic	B1
critical	B1
crop	B1
crossing	B1
crossroads	B1
crow	B1
cruel	B1
crush	B1
cucumber	B1
cultivate	B1
cultural	B1
cure	B1
curiosity	B1
curious	B1
curiously	B1
curly	B1
currency	B1
current	B1
currently	B1
curriculum	B1
curtain	B1
curve	B1
cushion	B1
customs	B1
cut	B1
CV	B1
cycle	B1
cycle	B1
daisy	B1
damage	B1
damage	B1
damaged	B1
damp	B1
dangerously	B1
dare	B1
darkness	B1
date	B1
dating	B1
daze	B1
dazzle	B1
deadline	B1
deadly	B1
deaf	B1
deal	B1
dealer	B1
debris	B1
debt	B1
decision	B1
declaration	B1
declare	B1
decline	B1
decrease	B1
decrease	B1
dedicate	B1
deed	B1
defeat	B1
defend	B1
defender	B1
defense/defence	B1
deficiency	B1
define	B1
definite	B1
definite article	B1
definitely	B1
definition	B1
delay	B1
delete	B1
delicate	B1
delight	B1
delighted	B1
delightful	B1
deliver	B1
delivery	B1
demand	B1
demand	B1
democracy	B1
democratic	B1
demonstrate	B1
demonstration	B1
deny	B1
depart	B1
department	B1
departure	B1
dependent	B1
deposit	B1
depressed	B1
depressing	B1
depression	B1
deprive	B1
depth	B1
derive	B1
deserve	B1
design	B1
designer	B1
desire	B1
despair	B1
desperate	B1
despite	B1
destination	B1
destruction	B1
destructive	B1
detective	B1
determination	B1
determine	B1
devastate	B1
devastating	B1
development	B1
device	B1
devotion	B1
diagram	B1
dial	B1
dial	B1
dialog/dialogue	B1
diameter	B1
diaper	B1
differ	B1
dig	B1
digital	B1
diligence	B1
diligent	B1
dioxide	B1
direct	B1
directly	B1
dirt	B1
disability	B1
disable	B1
disabled	B1
disagreement	B1
disappoint	B1
disappointment	B1
disaster	B1
disastrous	B1
disc jockey/disk jockey	B1
discomfort	B1
discount	B1
discourage	B1
discovery	B1
discrimination	B1
disease	B1
disgusting	B1
dishwasher	B1
disk/disc	B1
dislike	B1
display	B1
dissolve	B1
distance	B1
distant	B1
distinction	B1
distinctly	B1
distinguish	B1
distribute	B1
distribution	B1
district	B1
disturbance	B1
dive	B1
dive	B1
diver	B1
diverse	B1
divide	B1
divine	B1
diving	B1
divorced	B1
DJ	B1
doc	B1
document	B1
documentary	B1
dolphin	B1
dot	B1
downstairs	B1
downward	B1
doze	B1
dozen	B1
dozen	B1
drag	B1
dramatic	B1
drown	B1
drunk	B1
dude	B1
dull	B1
dump	B1
dump	B1
dustbin	B1
dusty	B1
duty	B1
duty-free	B1
duvet	B1
dynasty	B1
eager	B1
eagerness	B1
earache	B1
earnest	B1
eastern	B1
easygoing/easy-going	B1
eco	B1
ecological	B1
ecology	B1
economic	B1
economics	B1
economy	B1
ecosystem	B1
ecstasy	B1
edge	B1
edition	B1
educate	B1
effective	B1
efficiency	B1
efficient	B1
either	B1
either	B1
elbow	B1
election	B1
electrical	B1
electricity	B1
electron	B1
electronic	B1
element	B1
eliminate	B1
embarrass	B1
embarrassed	B1
embarrassment	B1
emerge	B1
emotion	B1
emotional	B1
emotionally	B1
emperor	B1
emphasis	B1
emphasize/emphasize	B1
empire	B1
employment	B1
enable	B1
enclose	B1
encounter	B1
encouragement	B1
encouraging	B1
encyclopedia/encyclopaedia	B1
endanger	B1
endless	B1
endure	B1
enemy	B1
engage	B1
engaged	B1
engine	B1
engineering	B1
Englishman	B1
enjoyable	B1
enjoyment	B1
enrich	B1
ensure	B1
entertain	B1
entertainer	B1
enthusiasm	B1
enthusiast	B1
enthusiastic	B1
entire	B1
entirely	B1
entry	B1
environmental	B1
environmentalist	B1
equal	B1
equality	B1
equally	B1
equipment	B1
era	B1
escape	B1
essence	B1
essential	B1
establishment	B1
estimate	B1
eternal	B1
eternity	B1
even	B1
evenly	B1
eventually	B1
evident	B1
exact	B1
examination	B1
examine	B1
examiner	B1
excellence	B1
excess	B1
exchange	B1
exchange rate	B1
excitedly	B1
excitement	B1
exclusive	B1
excuse	B1
exhausted	B1
existence	B1
exit	B1
exit	B1
expand	B1
expense	B1
experience	B1
experienced	B1
experiment	B1
exploration	B1
explosion	B1
expose	B1
express	B1
extend	B1
extensively	B1
extent	B1
extinct	B1
extinction	B1
extra	B1
extraordinary	B1
extreme	B1
extreme sports	B1
eyesight	B1
face to face	B1
face-to-face	B1
facility	B1
fade	B1
failure	B1
faint	B1
fair	B1
faithful	B1
fake	B1
fall	B1
fallen	B1
fancy	B1
fancy	B1
fantasy	B1
faraway	B1
farewell	B1
farming	B1
farmland	B1
farther	B1
farthest	B1
fascinate	B1
fashionable	B1
fasten	B1
favorable/favourable	B1
fax	B1
fax	B1
feast	B1
feed	B1
fellow	B1
ferry	B1
festive	B1
fetch	B1
feverishly	B1
few	B1
fifth	B1
fight	B1
filling	B1
film	B1
film-maker	B1
filter	B1
finance	B1
financial	B1
finding	B1
fine	B1
finger	B1
fire station	B1
firefighter	B1
firework	B1
firm	B1
firm	B1
firmly	B1
first floor	B1
first lady	B1
first-floor	B1
fish	B1
fit	B1
fitness	B1
fix	B1
flash	B1
flat	B1
flavor/flavour	B1
float	B1
flock	B1
flood	B1
flow	B1
flow	B1
flu	B1
fluent	B1
fluently	B1
flunk	B1
flute	B1
fold	B1
fold	B1
folk	B1
fond	B1
fondness	B1
fool	B1
foolish	B1
foot	B1
forbidden	B1
forecast	B1
forehead	B1
forgive	B1
form	B1
formal	B1
formally	B1
format	B1
format	B1
former	B1
formula	B1
forth	B1
fortnight	B1
fortunate	B1
foundation	B1
fountain	B1
fragment	B1
freely	B1
freezer	B1
freezing	B1
frequency	B1
frequent	B1
frequently	B1
freshman	B1
friendliness	B1
fright	B1
frost	B1
frozen	B1
frustrated	B1
frustration	B1
fry	B1
frying pan	B1
fuel	B1
full stop	B1
full-time	B1
full-time	B1
function	B1
fund	B1
fund	B1
funeral	B1
fur	B1
furnish	B1
further	B1
furthermore	B1
furthest	B1
fuss	B1
future	B1
gain	B1
gain	B1
gall	B1
gallon	B1
gap	B1
gardening	B1
garment	B1
gay	B1
gee	B1
gene	B1
general	B1
general	B1
generally	B1
generate	B1
generous	B1
genetic	B1
genetically	B1
genetics	B1
gentleman	B1
geographical	B1
geography	B1
geology	B1
gesture	B1
giant	B1
gifted	B1
giggle	B1
ginger	B1
giraffe	B1
glance	B1
glance	B1
glide	B1
glimpse	B1
glint	B1
global	B1
glorious	B1
glory	B1
go	B1
goalkeeper	B1
goddess	B1
golfer	B1
goodness	B1
goods	B1
gorgeous	B1
gorilla	B1
gossip	B1
govern	B1
governor	B1
gown	B1
grab	B1
graceful	B1
graduate	B1
graduation	B1
grant	B1
grant	B1
graph	B1
graphic	B1
graphics	B1
gratitude	B1
grave	B1
gravy	B1
greenhouse	B1
greeting	B1
grill	B1
grill	B1
groom	B1
ground floor	B1
group	B1
grouping	B1
growth	B1
guarantee	B1
guess	B1
guidance	B1
guide	B1
guide	B1
guilt	B1
guilty	B1
guitarist	B1
gym	B1
gymnastics	B1
habitat	B1
hairdresser	B1
hairdryer	B1
half	B1
hammer	B1
handball	B1
hand-held	B1
handkerchief	B1
handle	B1
handshake	B1
handwriting	B1
handy	B1
hang	B1
hanging	B1
harbor/harbour	B1
hardship	B1
hard-working	B1
harness	B1
hasty	B1
hatch	B1
hate	B1
hatred	B1
haunt	B1
haven	B1
hazard	B1
headline	B1
heal	B1
healing	B1
hearing	B1
heart attack	B1
hearted	B1
hearty	B1
heat	B1
heater	B1
heaven	B1
heavenly	B1
heel	B1
height	B1
helmet	B1
helpless	B1
herd	B1
hesitate	B1
hidden	B1
highlight	B1
highly	B1
hip	B1
hire	B1
historian	B1
historic	B1
historical	B1
hit	B1
HIV	B1
holy	B1
homeless	B1
honest	B1
honestly	B1
honesty	B1
honeymoon	B1
hop	B1
hope	B1
hopeful	B1
hopefully	B1
hopeless	B1
horizon	B1
horn	B1
horrible	B1
horrify	B1
hostel	B1
household	B1
housework	B1
huge	B1
human	B1
humanity	B1
humid	B1
humor/humour	B1
humorous	B1
hunger	B1
hunt	B1
hunt	B1
hurriedly	B1
hurt	B1
hut	B1
ice hockey	B1
ice skating	B1
identity	B1
identity card	B1
idiom	B1
idol	B1
ignore	B1
illegally	B1
illness	B1
illuminate	B1
imaginary	B1
imitate	B1
immediate	B1
immediately	B1
immigrate	B1
immigration	B1
impair	B1
impression	B1
impressive	B1
improper	B1
improvement	B1
incident	B1
including	B1
income	B1
inconvenient	B1
incorrect	B1
increase	B1
increasingly	B1
incredible	B1
incredibly	B1
indefinite article	B1
independent	B1
indirect	B1
indirectly	B1
individual	B1
indoors	B1
industrial	B1
industry	B1
inevitable	B1
infection	B1
infinitive	B1
inform	B1
informative	B1
ingredient	B1
inhabitant	B1
inhale	B1
initial	B1
initially	B1
inject	B1
injury	B1
ink	B1
innermost	B1
innocent	B1
innovator	B1
inquiry/enquiry	B1
insane	B1
inscribe	B1
inscription	B1
insight	B1
insist	B1
inspection	B1
inspire	B1
install/instal	B1
instance	B1
instead of	B1
institute	B1
instruction	B1
instructor	B1
insurance	B1
intend	B1
intense	B1
intensive	B1
intention	B1
intentionally	B1
interact	B1
interaction	B1
interest	B1
intermediate	B1
intermission	B1
internal	B1
internationally	B1
interrupt	B1
interval	B1
interview	B1
interviewee	B1
introduction	B1
invasion	B1
invest	B1
investigation	B1
invitation	B1
involuntarily	B1
involve	B1
involved	B1
iron	B1
iron	B1
ironing	B1
irregular	B1
irritate	B1
isle	B1
isolation	B1
ivory	B1
jade	B1
jail/gaol	B1
jar	B1
jazz	B1
jealous	B1
jewel	B1
jog	B1
jogging	B1
joint	B1
joke	B1
journal	B1
journalist	B1
judge	B1
judgment/judgement	B1
jug	B1
juicy	B1
jumper	B1
jungle	B1
justice	B1
kettle	B1
keyboard	B1
kid	B1
killing	B1
kindly	B1
kindness	B1
kiss	B1
kitten	B1
knit	B1
knock	B1
lab	B1
laboratory	B1
ladder	B1
lamb	B1
land	B1
landlord	B1
largely	B1
last	B1
last	B1
lasting	B1
latecomer	B1
lately	B1
laugh	B1
laughter	B1
launch	B1
lawful	B1
lay	B1
layer	B1
lead	B1
lead	B1
leadership	B1
leading	B1
league	B1
lean	B1
leap	B1
least	B1
leave	B1
lecture	B1
legal	B1
legally	B1
length	B1
lessen	B1
lettuce	B1
level	B1
liar	B1
liberate	B1
liberation	B1
librarian	B1
lie	B1
lifeguard	B1
lifelong	B1
lift	B1
lift	B1
light	B1
lighter	B1
lightly	B1
lightning	B1
like	B1
likeness	B1
limit	B1
limit	B1
limitation	B1
limited	B1
limp	B1
link	B1
link	B1
liquid	B1
liquid	B1
literary	B1
literature	B1
little	B1
little	B1
live	B1
liver	B1
loaf	B1
locate	B1
location	B1
lock	B1
lodge	B1
log	B1
logic	B1
logo	B1
lorry	B1
loss	B1
lottery	B1
loud	B1
loud	B1
loudspeaker	B1
lovingly	B1
loyal	B1
loyalty	B1
luggage	B1
lung	B1
luxury	B1
magical	B1
magician	B1
magnificent	B1
mail	B1
mailbox	B1
main	B1
maintain	B1
maintenance	B1
majority	B1
male	B1
management	B1
mankind	B1
maple	B1
marble	B1
march	B1
march	B1
marine	B1
marked	B1
market	B1
marriage	B1
mash	B1
mass	B1
massive	B1
match	B1
mathematician	B1
mathematics	B1
maximum	B1
maximum	B1
mayor	B1
meaningful	B1
meanwhile	B1
measure	B1
measure	B1
measurement	B1
mechanic	B1
mechanical	B1
meditate	B1
meditation	B1
Mediterranean	B1
medium	B1
medium	B1
melt	B1
membership	B1
memorable	B1
memorize/memorise	B1
mend	B1
mental	B1
mentally	B1
mention	B1
merchant	B1
mere	B1
merely	B1
mess	B1
message board	B1
messy	B1
middle-aged	B1
mild	B1
mile	B1
mineral	B1
minimize/minimise	B1
minimum	B1
minimum	B1
minor	B1
minority	B1
minus	B1
miracle	B1
mischief	B1
miserable	B1
misery	B1
mislead	B1
mission	B1
misty	B1
misunderstanding	B1
mixing bowl	B1
modal verb/modal	B1
model	B1
model	B1
modem	B1
moderate	B1
modify	B1
moisture	B1
molecule	B1
monitor	B1
monitor	B1
monk	B1
monster	B1
monthly	B1
monthly	B1
monument	B1
moral	B1
more	B1
moreover	B1
mosquito	B1
moss	B1
motherland	B1
motionless	B1
motivate	B1
motivation	B1
motive	B1
motor	B1
motorcycle	B1
motto	B1
mount	B1
mountaintop	B1
mourn	B1
movement	B1
mud	B1
mule	B1
murder	B1
murderer	B1
muscle	B1
mustard	B1
mutual	B1
myth	B1
nail	B1
naked	B1
name	B1
nap	B1
narrate	B1
narrative	B1
narrow	B1
nasty	B1
nationalist	B1
naturally	B1
navy blue	B1
near	B1
near	B1
nearby	B1
nearby	B1
necklace	B1
nectar	B1
needle	B1
negotiate	B1
negotiation	B1
neighborhood/neighbourhood	B1
nephew	B1
nervousness	B1
ness	B1
net	B1
network	B1
neutral	B1
nevertheless	B1
newborn	B1
newcomer	B1
newly	B1
next door	B1
next-door	B1
nickname	B1
niece	B1
nightlife	B1
nod	B1
noisily	B1
none	B1
nonetheless	B1
nonsense	B1
nor	B1
normally	B1
northeast	B1
northeast	B1
northeastern	B1
northern	B1
northwest	B1
northwest	B1
northwestern	B1
notice	B1
noticeable	B1
noticeboard	B1
notion	B1
notorious	B1
novelist	B1
nowhere	B1
nuclear	B1
nucleus	B1
numerous	B1
nurse	B1
nutrient	B1
nutrition	B1
nutritious	B1
object	B1
objection	B1
objective	B1
observation	B1
observe	B1
obstacle	B1
obtain	B1
obvious	B1
obviously	B1
occasion	B1
occasion	B1
occasional	B1
occasionally	B1
occupy	B1
occur	B1
ocean	B1
off	B1
offensive	B1
officially	B1
oily	B1
old-fashioned	B1
oneself	B1
onstage	B1
onto/on to	B1
opening	B1
operation	B1
opposite	B1
opposite	B1
opposition	B1
oppress	B1
oppression	B1
option	B1
oral	B1
orbit	B1
orchestra	B1
orderly	B1
ordinary	B1
organ	B1
organic	B1
organism	B1
organization/organisation	B1
origin	B1
otherwise	B1
ought to	B1
outdoor	B1
outdoors	B1
outer	B1
outlaw	B1
outline	B1
out-of-date	B1
outstanding	B1
outward	B1
outweigh	B1
overcome	B1
overjoyed	B1
overnight	B1
overnight	B1
overwhelm	B1
overwhelming	B1
overwork	B1
owe	B1
owing	B1
own	B1
oxygen	B1
pace	B1
package	B1
packing	B1
paddle	B1
paid	B1
pain	B1
painful	B1
pale	B1
palm	B1
parachute	B1
paradise	B1
paralyze/paralyse	B1
parcel	B1
pardon	B1
parental	B1
parking	B1
parrot	B1
partial	B1
participant	B1
participate	B1
participle	B1
particularly	B1
part-time	B1
part-time	B1
passion	B1
passive	B1
passport	B1
password	B1
past	B1
patience	B1
patient	B1
patrol	B1
pattern	B1
pause	B1
pause	B1
peanut	B1
peculiar	B1
penniless	B1
penny	B1
per	B1
percent/per cent	B1
performer	B1
permanent	B1
permanently	B1
permit	B1
personally	B1
persuade	B1
persuasive	B1
phantom	B1
pharmacy	B1
phenomenon	B1
philosopher	B1
philosophy	B1
phoenix	B1
photocopy	B1
phrasal verb	B1
phrase	B1
physics	B1
pick	B1
pie	B1
piety	B1
pillow	B1
pin	B1
pineapple	B1
pipe	B1
pit	B1
place	B1
plain	B1
plan	B1
plant	B1
plastic	B1
platform	B1
pleasantly	B1
please	B1
plenty	B1
plug	B1
plus	B1
pocket money	B1
poet	B1
poetry	B1
poison	B1
poisonous	B1
pole	B1
policy	B1
politely	B1
politician	B1
politics	B1
pollutant	B1
pond	B1
popcorn	B1
pork	B1
port	B1
positive	B1
positively	B1
possess	B1
possession	B1
possessive	B1
possibility	B1
postcard	B1
postman	B1
pot	B1
potential	B1
pottery	B1
pound	B1
poverty	B1
powder	B1
practical	B1
praise	B1
prayer	B1
precious	B1
preference	B1
prefix	B1
pregnant	B1
prejudice	B1
preparation	B1
prepared	B1
preposition	B1
preschool	B1
prescription	B1
presence	B1
present	B1
presentation	B1
preservation	B1
preserve	B1
president	B1
press	B1
press	B1
previous	B1
priest	B1
primarily	B1
primary school	B1
primitive	B1
principle	B1
print	B1
prison	B1
prisoner	B1
privacy	B1
prize	B1
probability	B1
proceed	B1
process	B1
proclaim	B1
procrastination	B1
producer	B1
productive	B1
profession	B1
professor	B1
program/programme	B1
progress	B1
prohibition	B1
prominent	B1
promise	B1
promote	B1
promotion	B1
pronoun	B1
proof	B1
properly	B1
property	B1
proportion	B1
proposal	B1
propose	B1
prosperity	B1
prosperous	B1
protect	B1
protection	B1
protective	B1
protest	B1
proud	B1
prove	B1
proverb	B1
provided	B1
psychological	B1
pub	B1
public	B1
public transport	B1
publicly	B1
publisher	B1
pullover	B1
pump	B1
punish	B1
punishment	B1
pupil	B1
puppy	B1
pure	B1
purify	B1
purse	B1
push	B1
puzzle	B1
quake	B1
qualified	B1
qualify	B1
quality	B1
quantity	B1
question mark	B1
questionnaire	B1
queue	B1
race	B1
race	B1
racial	B1
radiation	B1
rage	B1
rail	B1
railroad	B1
railway	B1
rainfall	B1
rainforest	B1
rank	B1
rap	B1
rapid	B1
rapidly	B1
rare	B1
rarely	B1
raspberry	B1
ration	B1
rational	B1
razor	B1
reach	B1
react	B1
realistic	B1
reality	B1
rearrange	B1
reasonable	B1
rebuild	B1
recall	B1
reception	B1
recite	B1
reclaim	B1
recognize/recognise	B1
recommend	B1
record	B1
recording	B1
recover	B1
recovery	B1
recycled	B1
recycling	B1
reduce	B1
reduction	B1
reef	B1
referee	B1
reflection	B1
refreshments	B1
refund	B1
refusal	B1
refuse	B1
refuse	B1
regain	B1
regard	B1
regarding	B1
region	B1
regional	B1
register	B1
register	B1
registration	B1
regulation	B1
reject	B1
relate	B1
relation	B1
relationship	B1
relative	B1
relative	B1
relatively	B1
relaxing	B1
release	B1
reliable	B1
religion	B1
religious	B1
rely	B1
remainder	B1
remark	B1
remarkable	B1
remedy	B1
remembrance	B1
remote control	B1
remove	B1
renew	B1
repay	B1
repeatedly	B1
reply	B1
report	B1
representative	B1
reproduce	B1
republic	B1
reputation	B1
request	B1
require	B1
requirement	B1
rescue	B1
rescue	B1
researcher	B1
resemble	B1
reservation	B1
reserve	B1
reserve	B1
resident	B1
residential	B1
resist	B1
resolve	B1
resort	B1
resource	B1
respect	B1
respect	B1
respectable	B1
respond	B1
responsibility	B1
responsible	B1
rest	B1
rest	B1
restore	B1
restrict	B1
result	B1
retail	B1
retain	B1
retell	B1
retrospect	B1
reunification	B1
reunify	B1
revise	B1
revision	B1
reward	B1
rewrite	B1
rid	B1
riddle	B1
ridiculous	B1
ripe	B1
rise	B1
rise	B1
risk	B1
roadside	B1
robot	B1
rolling	B1
room	B1
rotten	B1
rough	B1
round	B1
round	B1
routine	B1
rubber	B1
rubbish	B1
rudely	B1
ruin	B1
runaway	B1
runway	B1
rush	B1
sacred	B1
sadness	B1
safari	B1
safeguard	B1
safely	B1
safety	B1
salesman	B1
salmon	B1
sand	B1
sandal	B1
satellite	B1
satisfaction	B1
satisfied	B1
saucepan	B1
saucer	B1
scan	B1
scare	B1
scared	B1
scary	B1
scatter	B1
scenic	B1
scholar	B1
scholarship	B1
schoolmate	B1
schoolteacher	B1
science fiction	B1
scold	B1
scope	B1
score	B1
score	B1
scratch	B1
scream	B1
sculpture	B1
search	B1
season	B1
seawater	B1
seaweed	B1
second	B1
secondary school	B1
second-hand	B1
second-hand	B1
secret	B1
secretly	B1
secure	B1
security	B1
seize	B1
select	B1
selection	B1
selfish	B1
self-service	B1
sensation	B1
separation	B1
sequence	B1
series	B1
serious	B1
server	B1
service	B1
service	B1
session	B1
setting	B1
settle	B1
settlement	B1
settler	B1
severe	B1
severely	B1
sex	B1
shadow	B1
shadowy	B1
shake	B1
shallow	B1
shame	B1
shameful	B1
shape	B1
sharp	B1
shave	B1
sheer	B1
sheet	B1
shelter	B1
sheriff	B1
shift	B1
shiny	B1
ship	B1
shiver	B1
shocked	B1
shocking	B1
shop	B1
shopper	B1
shortage	B1
shortly	B1
shout	B1
shrimp	B1
shut	B1
sickness	B1
sidewalk	B1
sigh	B1
sign	B1
signal	B1
signature	B1
significance	B1
signpost	B1
silent	B1
silk	B1
similarity	B1
similarly	B1
simplify	B1
simultaneously	B1
since	B1
single	B1
sink	B1
skate	B1
skeleton	B1
ski	B1
skin	B1
skyscraper	B1
slavery	B1
sleep	B1
sleeve	B1
slight	B1
slightly	B1
slip	B1
slip	B1
slogan	B1
slope	B1
slot	B1
slow	B1
slow	B1
smell	B1
smile	B1
smoker	B1
sneeze	B1
snowboard	B1
snowstorm	B1
soap opera	B1
social networking	B1
socially	B1
soil	B1
solid	B1
somehow	B1
someplace	B1
sometime	B1
sometimes	B1
soothe	B1
sophomore	B1
sore	B1
sorrow	B1
sort	B1
soul	B1
sour	B1
southeast	B1
southeast	B1
southern	B1
southwest	B1
southwest	B1
souvenir	B1
sparkle	B1
specialist	B1
specialize/specialise	B1
specially	B1
spectacular	B1
spectator	B1
speed	B1
spelling	B1
sphere	B1
spice	B1
spicy	B1
spider	B1
spinach	B1
spiral	B1
spirit	B1
spiritual	B1
split	B1
spoil	B1
sponge	B1
sponsor	B1
sports	B1
sportsmanship	B1
stable	B1
stall	B1
standard	B1
star	B1
stare	B1
status	B1
stay	B1
steadily	B1
steady	B1
steam	B1
steel	B1
steep	B1
stem	B1
stick	B1
sticker	B1
sticky	B1
stir	B1
storage	B1
stormy	B1
storyteller	B1
strain	B1
strangely	B1
strategic	B1
straw	B1
strawberry	B1
stream	B1
stream	B1
strengthen	B1
stress	B1
stressed	B1
stressful	B1
stretch	B1
stricken	B1
strike	B1
strip	B1
stripe	B1
struggle	B1
stubborn	B1
stuck	B1
studio	B1
stuffed	B1
stumble	B1
stun	B1
stunning	B1
stupid	B1
stylish	B1
subconscious	B1
submarine	B1
substantial	B1
substitute	B1
suddenly	B1
suffer	B1
sufficient	B1
suffix	B1
suicide	B1
summarize/summarise	B1
summit	B1
sunbathe	B1
sundial	B1
sunrise	B1
sunset	B1
superior	B1
superstition	B1
supply	B1
support	B1
supporter	B1
supportive	B1
suppose	B1
supposedly	B1
surely	B1
surface	B1
surgeon	B1
surgery	B1
surprise	B1
surprisingly	B1
surround	B1
surrounding	B1
survival	B1
survivor	B1
suspect	B1
suspicion	B1
swarm	B1
swear	B1
sweat	B1
sweatshirt	B1
swell	B1
swimmer	B1
switch	B1
switch	B1
swollen	B1
sword	B1
sympathy	B1
symptom	B1
syndrome	B1
systematic	B1
tablet	B1
take	B1
takeaway	B1
takeoff/take-off	B1
tale	B1
talented	B1
talk	B1
talkative	B1
tank	B1
tape	B1
taste	B1
taste	B1
tasteless	B1
tasty	B1
tax	B1
teaching	B1
teammate	B1
teamwork	B1
tear	B1
tease	B1
technique	B1
technological	B1
teen	B1
telecommunications	B1
telegram	B1
teller	B1
temper	B1
temporary	B1
tempt	B1
tend	B1
tendency	B1
tense	B1
tense	B1
tension	B1
tent	B1
term	B1
terminal	B1
terribly	B1
terrific	B1
terrified	B1
terror	B1
terrorism	B1
terrorist	B1
thankful	B1
theft	B1
theory	B1
thirst	B1
thorough	B1
threat	B1
threatening	B1
thriller	B1
through	B1
throughout	B1
thumb	B1
thump	B1
thunder	B1
thunderous	B1
thus	B1
tick	B1
tick	B1
tide	B1
tie	B1
tighten	B1
tightly	B1
tile	B1
till	B1
timely	B1
tin	B1
tiny	B1
tire	B1
tiring	B1
tissue	B1
tobacco	B1
tongue	B1
toothpaste	B1
top	B1
tornado	B1
toss	B1
total	B1
total	B1
totally	B1
touch	B1
tour	B1
tourism	B1
tournament	B1
trace	B1
tracksuit	B1
traditionally	B1
traffic jam	B1
tragedy	B1
tragic	B1
trail	B1
transfer	B1
transform	B1
transformation	B1
transitional	B1
translate	B1
transport	B1
transportation	B1
trash	B1
travel agent	B1
treat	B1
treatment	B1
tremble	B1
tremendous	B1
trend	B1
trigger	B1
trim	B1
triumph	B1
tropical	B1
trouble	B1
trumpet	B1
trustworthy	B1
tumble	B1
tuna	B1
turbulence	B1
turning	B1
turtle	B1
twin	B1
twist	B1
twist	B1
type	B1
typical	B1
typically	B1
unable	B1
unafraid	B1
unbelievable	B1
uncertainty	B1
unclear	B1
uncontrollable	B1
uncover	B1
underage	B1
undergo	B1
underline	B1
underneath	B1
underpants	B1
undo	B1
undress	B1
unemployed	B1
unemployment	B1
unexpected	B1
unexpectedly	B1
unfairly	B1
unfit	B1
unfold	B1
unfortunate	B1
unfriendly	B1
unheard	B1
unify	B1
uninterested	B1
uninteresting	B1
union	B1
unique	B1
unite	B1
universe	B1
unless	B1
unlikely	B1
unlucky	B1
unpack	B1
unpredictable	B1
unrelated	B1
untidy	B1
until	B1
unusually	B1
unwanted	B1
unwell	B1
update	B1
uplifted	B1
upload	B1
upper	B1
upstairs	B1
upstairs	B1
up-to-date	B1
upward	B1
urge	B1
urgent	B1
usage	B1
used to	B1
useless	B1
vacancy	B1
vague	B1
vain	B1
valuable	B1
van	B1
variety	B1
various	B1
vary	B1
vast	B1
vegetarian	B1
vegetarian	B1
vehicle	B1
vein	B1
vessel	B1
vet	B1
via	B1
vice	B1
vice president	B1
victim	B1
victory	B1
video clip	B1
view	B1
viewpoint	B1
violence	B1
violently	B1
virtual	B1
virus	B1
visa	B1
visible	B1
vision	B1
visual	B1
visually	B1
vivid	B1
vividly	B1
volcano	B1
volume	B1
volunteer	B1
vote	B1
vowel	B1
voyage	B1
wagon	B1
wake	B1
ward	B1
wardrobe	B1
warm	B1
warmly	B1
warmth	B1
warn	B1
warning	B1
warranty	B1
warrior	B1
washbowl	B1
waste	B1
waste	B1
waste	B1
wasteful	B1
waterfall	B1
wave	B1
wax	B1
wax	B1
weakness	B1
weapon	B1
weather forecast	B1
webcam	B1
weird	B1
welcome	B1
well-dressed	B1
westward	B1
wetland	B1
whale	B1
whatever	B1
whenever	B1
whenever	B1
wherever	B1
whether	B1
whichever	B1
while	B1
whisper	B1
whistle	B1
whoever	B1
whole	B1
widespread	B1
wildlife	B1
wildly	B1
willingness	B1
windscreen	B1
windsurfing	B1
wing	B1
wire	B1
wither	B1
witness	B1
wizard	B1
wonder	B1
working	B1
workout	B1
workplace	B1
workshop	B1
worn	B1
worst	B1
worth	B1
worthwhile	B1
worthy	B1
wound	B1
wrap	B1
wrap	B1
wrapping	B1
wrist	B1
wristwatch	B1
written	B1
yell	B1
yet	B1
yoga	B1
